株式会社電通,http://www.dentsu.co.jp/mail/
パーソルプロセス＆テクノロジー株式会社,https://www.persol-pt.co.jp/inquiry/
株式会社ＮＴＴデータ・スマートソーシング,https://www.nttdata-smart.co.jp/contact/form/formout.php?inq_no=&t=829929176
有限会社アイティ・コミュニケーションズ,https://www.itcom21.com/contact/
株式会社あとらす二十一,https://at21.jp/inquiry/input.html
株式会社サイバー・コミュニケーションズ,https://www.cci.co.jp/contact/
株式会社アイ・エム・ジェイ,https://www.imjp.co.jp/contact/service/
株式会社グローバルセールスエージェント,https://www.global-sales.co.jp/contact/form_contact.php
株式会社ｅｃｂｅｉｎｇ,https://www.ecbeing.net/contacts/index.html
株式会社メンバーズ,http://www.members.co.jp/contact/
株式会社ＬＩＦＵＬＬ,https://lifull.com/ask/
株式会社ピーエスシー,https://www.psc-inc.co.jp/page/contact/info.html
株式会社フォーバル,https://www.forval.co.jp/contact_ask/
電通アイソバー株式会社,http://www.dentsuisobar.com/contact/
株式会社電通ライブ,https://www.dentsulive.co.jp/contact/
株式会社日本経済社,https://www.nks.co.jp/inquiry/
エムスリー株式会社,https://www.m3.com/inquiry/corporate/form.jsp?type=m3&m=m3PR
ＣＣＣマーケティング株式会社,https://www.cccmk.co.jp/inquiry/business/
株式会社博報堂ＤＹデジタル,https://www.hakuhodody-digital.co.jp/contact/
テクマトリックス株式会社,https://www.techmatrix.co.jp/contact.html
株式会社アイレップ,https://www.irep.co.jp/service/contact/sem/
日本サード・パーティ株式会社,https://www.jtp.co.jp/contactus/
ディーエムソリューションズ株式会社,https://www.dm-s.co.jp/inquiry/
株式会社博展,https://reg34.smp.ne.jp/regist/is?SMPFORM=mcth-rfmar-b08209c40127d13d61ea5b4ea6957ff9
株式会社ブレインパッド,http://www.brainpad.co.jp/contact/
株式会社メディックス,https://www.medix-inc.co.jp/contact/
株式会社いえらぶＧＲＯＵＰ,https://www.ielove-group.jp/contact/
株式会社アピリッツ,https://www.appirits.com/inquiry/
株式会社ＷＯＷＯＷ,https://corporate.wowow.co.jp/contact/
株式会社ONEホールディングス,http://one-group.jp/contact/
株式会社リブセンス,https://www.livesense.co.jp/support/contact.htm
サングローブ株式会社,http://www.sungrove.co.jp/contact/
株式会社Ｊストリーム,https://page.stream.co.jp/service_inquiry.html
株式会社ブランジスタ,https://www.brangista.com/inquiry/
ＧＭＯ　ＮＩＫＫＯ株式会社,https://www.koukoku.jp/contact/
株式会社ＥＴＥＲＮＡＬ,https://ubfb.f.msgs.jp/webapp/form/21002_ubfb_4/index.do
株式会社エス・ケイ通信,http://sk-t.com/contact
株式会社レッグス,https://www.legs.co.jp/about/contact/
株式会社ソルパック,https://www.solpac.co.jp/contact
豊國印刷株式会社,http://toyokuni.tokyo/contact/
株式会社マイクロアド,https://www.microad.co.jp/contact/
株式会社博報堂ＤＹホールディングス,http://www.hakuhodody-holdings.co.jp/contact/
株式会社バックステージ,https://www.stagegroup.jp/contact/
株式会社オロ,https://www.oro.com/ja/contact/form.php?type=information
ソウルドアウト株式会社,https://lp.sold-out.co.jp/contact?_ga=2.151091952.813496786.1513918853-365817223.1513918853
ネットイヤーグループ株式会社,https://www.netyear.net/contact/service/
ブランディングテクノロジー株式会社,https://www.branding-t.co.jp/contact/
グロースエクスパートナーズ株式会社,https://www.gxp-group.co.jp/contact/input
株式会社サニーサイドアップグループ,https://www.ssu.co.jp/contact/
株式会社電通マクロミルインサイト,https://www.dm-insight.jp/contact/
株式会社オズマピーアール,https://ozma.co.jp/contact/
ＦＵＪＩＴＳＵ　ＵＴ株式会社,https://www.ut-g.co.jp/inquiry/index.html
ノースショア株式会社,https://www.north-s.co.jp/contact/
株式会社ゼネラルリンク,https://general-link.co.jp/contact/
株式会社シャノン,https://smp.shanon.co.jp/public/application/add/161
セイヨウ貿易株式会社,https://www.seiyo.co/
株式会社スプレックス,https://www.sprex-web.com/form/
株式会社オールアバウト,http://corp.allabout.co.jp/inquiry/info/info.html
株式会社はてな,https://hatenacorp.jp/contact/
株式会社アイウェイヴ,https://www.aiwave.jp/contact/
株式会社ジールホールディングス,http://www.zeal-holdings.co.jp/contact/
株式会社流通コミュニケーションズ,https://www.ryutsuu-communications.co.jp/contact/contact_form.html
アライドアーキテクツ株式会社,https://www.aainc.co.jp/contact/
株式会社カシヨ,https://z302.secure.ne.jp/~z302040/contactus/mailform.php
株式会社ウィルゲート,https://www.willgate.co.jp/contact/
株式会社１０バトン,http://www.10baton.com/contacts
株式会社オーエス,https://oscorporation.com/inquiry/contact/
ＧＭＯ　ＴＥＣＨ株式会社,https://gmotech.jp/contact/
インタセクト・コミュニケーションズ株式会社,https://www.intasect.com/contact/
株式会社ワンスター,https://one-star.jp/contact_form/
ＧＭＯメディア株式会社,https://www.gmo.media/contact/
ビズテクニカルサポート株式会社,https://biztec.co.jp/contact
株式会社セレス,https://ceres-inc.jp/index/inquiry
株式会社Ｆａｂｅｒ　Ｃｏｍｐａｎｙ,https://www.fabercompany.co.jp/contact/
ＧＶＴ株式会社,http://greenvalleytrading.net/contact.html
株式会社ピアラ,https://www.piala.co.jp/contact/
トレンダーズ株式会社,https://www.trenders.co.jp/contact/other/
株式会社オプティマイザー,https://www.optimizer.co.jp/%e4%bc%9a%e7%a4%be%e6%83%85%e5%a0%b1/%e3%81%8a%e5%95%8f%e5%90%88%e3%81%9b/
ＧＭＯアドマーケティング株式会社,https://www.gmo-am.jp/contact/
シエンプレ株式会社,https://www.siemple.co.jp/contact/
株式会社温故知新,https://okcs.co.jp/
株式会社リブゲート,https://lib-gate.co.jp/contact/
株式会社オリコミサービス,https://www.orikomi.co.jp/contact/form
株式会社エルテス,https://eltes.co.jp/#contact
ナイル株式会社,https://nyle.co.jp/form/
日本インフォメーション株式会社,https://www.n-info.co.jp/inquiry/index.html
株式会社クロス・マーケティンググループ,https://www.cm-group.co.jp/contact/
株式会社ショーケース,https://www.showcase-tv.com/support/
株式会社システムソフト,https://www.systemsoft.co.jp/contact
株式会社グローバルネット,http://www.global-n.co.jp/inquiry/
株式会社ネットナビ,https://net-navi.jp/contact/
株式会社ケイ・ライターズクラブ,https://ssl.kwc.co.jp/inquiry/
株式会社ウィンキューブホールディングス,http://win-cube-holdings.co.jp/contact/
株式会社クラッチ,http://www.clutch.ne.jp/contact.html
株式会社ビックス,http://fb-ssl.net/bics/mailform_contact/
アリババ株式会社,https://www.alibaba.co.jp/contact/inquiry_detail/?id=japan
株式会社メディカルネット,https://www.medical-net.com/contact/
株式会社エイジア,https://www5.webcas.net/form03/pub/branch/azia-contact01
株式会社セプテーニ・ホールディングス,https://www.septeni-holdings.co.jp/contact/
株式会社クロス・コミュニケーション,https://www.cross-c.co.jp/contact/
株式会社マックスマウス,https://www.maxmouse.co.jp/contact/
ＳＯＬＴ株式会社,https://solt-inc.com/contact/input
株式会社マテリアル,http://materialpr.jp/contact/
株式会社ライトアップ,http://www.writeup.jp/contact/?id=form
大東マーケティングソリューションズ株式会社,http://www.daitomedia.co.jp/inquily/index.html
マイクロシステム株式会社,http://www.microsystem-sales.co.jp/inq.html
株式会社ギャプライズ,https://www.gaprise.jp/c_contact/?_ga=2.220600792.1170034726.1584949513-146204084.1584949513
株式会社ｄｏｕｂＬｅ,http://doubledouble.co.jp/info/
株式会社ジェネラルパシフィック,https://g-pacific.sakura.ne.jp/s/form/contact/
株式会社Ｈ２,https://h2-g.co.jp/contact/
株式会社エムフロ,https://www.mfro.net/contact/
ファイブゲート株式会社,https://fivegate.jp/contactus/
株式会社イノベーション,https://www.innovation.co.jp/contact/
株式会社アド・プロモート,https://ad-promote.co.jp/contact/contactform/
株式会社メンタルヘルステクノロジーズ,http://www.miew.co.jp/contact/
ヒューマンデジタルコンサルタンツ株式会社,https://www.human-dc.com/contact/
ＦｕｎＴｒｅ株式会社,https://funtre.co.jp/inquiry
株式会社デベロップジャパン,https://s360.jp/form/33011-2
株式会社ＣｒｙｐｔｏＰｉｅ,https://cryptopie.co.jp/contact/
株式会社ＡＤＤＩＸ,https://www.addix.co.jp/contact/
株式会社ティファナ・ドットコム,https://www.tifana.com/contact/
株式会社プラットフォーム・ワン,https://www.platform-one.co.jp/contact/index.php?act=input
株式会社アイアクト,https://reg34.smp.ne.jp/regist/is?SMPFORM=math-thlar-6ad902f4289ae38c1bc2277390a7944b&_ga=2.121101256.1530542924.1536757320-1279027958.1536757320
トライコーン株式会社,https://go.pardot.com/l/71202/2015-06-26/bzy7t?_ga=2.117972044.413077798.1522222941-1491637858.1522222941
ＯＺ　ＭＯＤＥ株式会社,http://oz-mode.com/contact/contact.php
ＺｉｇＺａＧａｍｅ株式会社,http://www.zigzagame.com/contact/
株式会社ＳＡＮＮ,https://www.sann.co.jp/contact/
株式会社マイルストーン,http://smile.saiyo.me/contact2.html
株式会社シフラ,https://www.cifra.co.jp/contact/
株式会社ゴンドラ,https://reg18.smp.ne.jp/regist/is?SMPFORM=tbk-nelbm-709634c6e0822569a61345c29394d5ae
株式会社ZUU,https://zuu.co.jp/inquiry_detail/id=9
株式会社ＬＹＺＯＮ,https://www.lyzon.co.jp/ja-JP/contact.aspx
株式会社カスタマトリックス,https://www.customatrix.co.jp/contact/
アイプロスペクト・ジャパン株式会社,https://www.iprospect.com/ja/jp/contact-us/
サムライト株式会社,https://somewrite.com/contact
株式会社ＳＶＣ,https://s-vc.jp/contact.html
スターティアホールディングス株式会社,https://www.startia.co.jp/contact/new_customers/
株式会社ビッグビート,https://www.bigbeat.co.jp/contact/form.html
株式会社ＮｅｗｓＴＶ,https://newstv.co.jp/contact/
ファイン・ワークス株式会社,http://fine-w.co.jp/contact.html
株式会社創告,http://www.sokk.jp/#CONTACT
株式会社イプロス,https://marketing.ipros.jp/form/support-generic/
日本経済リサーチ機構株式会社,http://www.nikkeir.co.jp/estimate/
レリゴ株式会社,http://letitgo.jp/
株式会社ユヒーロ,https://www.uhero.co.jp/r/DM001.html
株式会社メディア・トラスト,https://www.media-trust.com/contact.html
株式会社ＭＯＶＥＲ＆ＣＯＭＰＡＮＹ,http://mover-company.co.jp/contact
アイオイクス株式会社,http://www.ioix.com/#contact
株式会社博士.com,https://www.web-jsp.com/contact/
株式会社リベラルジャパン,http://liberaljapan.com/mail/mail.html
ブルースクレイ・ジャパン株式会社,https://bruceclay.jpn.com/contact/
Ｍｔａｍｅ株式会社,https://mtame.co.jp/contact.html
ティーズアソシエーション株式会社,http://www.ts-association.co.jp/contact/
株式会社グリーンツリー,https://www.greentree.co.jp/contactssl.html
ＧＭＯアドパートナーズ株式会社,https://www.gmo-ap.jp/outline/contact.html
株式会社ドッグ・クリエイティブ,http://www.dog-cr.com/#inquiry-form
株式会社ゼロマーケティング,https://zelo.jp/contact/
株式会社バリューゴルフ,https://www.valuegolf.co.jp/inquiry/other/
Supershipホールディングス株式会社,https://docs.google.com/forms/d/e/1FAIpQLSdPKJmasNbgWElJAaeEt0-G6yvppZeCMLXmbEoZ8FlvKSC9hg/viewform
株式会社マネジメント・シェルパ・クリエイト,http://m-sherpa.co.jp/contact/
ヤマトダイアログ＆メディア株式会社,http://www.yamato-dm.co.jp/form/form_inquiry_business.html
株式会社メジャース,http://www.majors.co.jp/contact/
株式会社ネイチャーラボ,https://www.naturelab.co.jp/inquiry/common/
株式会社ア・ミュー,http://a-mue.co.jp/inquiry
株式会社ニューポート,http://www.newportjapan.com/index.php?option=com_contact&view=contact&id=1&Itemid=160&lang=ja
株式会社ＨＵＲＲＡＹ,http://hurray-group.com/contact.html
株式会社オープランズ,http://www.o-plans.co.jp/contact/
ゲブルダーバイス株式会社,https://www.gw-world.com/ja/contact-form/
イントリックス株式会社,https://form.k3r.jp/intrix/contact
ウェブソア株式会社,http://webthor.jp/#wpcf7-f4-o1
株式会社電子広告社,https://dencco.jp/contact/
株式会社エクスコア,https://www.xscore.co.jp/contact/
ウェブファースト株式会社,http://www.web1st.co.jp/mail.html
株式会社センタード,https://www.centered.co.jp/contact/
ＢＰＳ株式会社,https://www.bpsinc.jp/contact.html
アウンコンサルティング株式会社,https://www.auncon.co.jp/#form
ＹＫＣ・システムコンサルティング株式会社,https://www.ykc-bos.co.jp/inquiry/
株式会社２４－７,https://lp.24-7.co.jp/contact/service
株式会社Ｆ．ＬＩＧＨＴ,http://f-light.co.jp/contact/
株式会社ジェクシード,https://www.gexeed.co.jp/contact_us/
株式会社食文化,https://www.shokubunka.co.jp/contact.html
ＳＥモバイル・アンド・オンライン株式会社,http://www.semo.co.jp/contact/
株式会社才志堂,http://www.saishido.com/inquiry/index.php
株式会社みなまち,https://minamachi.jp/contact/
株式会社チーム・ファクトリー,https://www.teamfactory.co.jp/#contact
株式会社ハイベロシティ,https://www.hivelocity.co.jp/contact/
シグニフィ株式会社,https://signifi.co.jp/contact
株式会社トビライズ,https://tobirais.co.jp/contact
ブリコラージュコンサルティング株式会社,http://www.bricol.co.jp/contact
株式会社フィールドリサーチセンター,http://www.eric.co.jp/inquiry.html
株式会社フォロアス,https://followus.jp/contact/
株式会社インフェス,http://www.infes.jp/corp/toiawase.html
株式会社シフト,https://secure.shift-jp.net/form/contact/
株式会社ｉｐｅ,http://ipeinc.jp/contact
株式会社アールエーネクスト,http://www.ra-next.jp/contact/
株式会社アイ・ティー・ウェブジャパン,http://www.itweb-j.com/web/form/index.html
シスココンサルティング株式会社,https://www.sisco-consulting.co.jp/access#form-section
株式会社アップグレード,https://www.upgrade.co.jp/contact/index.html
株式会社ぱむ,https://pam-info.jp/contact/
株式会社メタップス,https://support.metaps.com/hc/ja/requests/new
株式会社フリークアウト・ホールディングス,https://www.fout.co.jp/contact/
株式会社オルセル,https://alsel.co.jp/contact/
株式会社ブルーマークコンフィデンス,https://bm-c.co.jp/contact/
株式会社イージス,https://aegis.cx/contact.html
株式会社Ｃｌａｍｐｐｙ,https://clamppy.jp/contact.cgi
株式会社フルアウト,http://fullout.jp/contact/
ＥＮＧＡＷＡ株式会社,https://engawa.global/contact/
株式会社ライフエスコート,https://www.life-escort.co.jp/form/inquiry_corp.php
株式会社モードツー,https://www.mode2.co.jp/contact-form/
株式会社アイズプランニング,http://is-png.com/contact/
株式会社ガルバーレ,http://www.garbare.co.jp/contact.html
株式会社ブラステック,http://www.brastech.co.jp/contact/
株式会社シンフィールド,https://shinfield.jp/contact/
セブンシーズ・アンド・パートナーズ株式会社,http://www.7sp.co.jp/contactus/index.html
サイジニア株式会社,http://www.scigineer.co.jp/contact/
株式会社ビットレート,http://www.bitrate.co.jp/contact/index.php
株式会社クドケン,http://kudokenn.com/form-inquiry.html
株式会社コムレイズ・インキュベート,https://tayori.com/form/ed56ece6deb7d730050cd218628f609c390e239d
株式会社アプレコミュニケーションズ,https://www.apres-com.co.jp/contact/
株式会社ラインプロジェクト,http://www.line-p.jp/contact/
株式会社ルーシー,http://www.lucy.ne.jp/
株式会社ベストプランニング,https://www.bp-net.co.jp/contact/form.php
株式会社ゼロプラス,http://0-plus.jp/#contact
株式会社すまいるネット,https://www.smilenet.co.jp/sfm_form.html
株式会社マーベラスリンク,http://www.marvelous-link.net/contact/contact.php
株式会社アイエムデータ,https://www.im-data.co.jp/contact/
株式会社ホットライン,https://1hotline.net/contact.html
株式会社ウィルコミュニケーションズ,https://www.will-commu.co.jp/contact/
インテリジェントネット株式会社,https://www.ini.co.jp/contact/
株式会社エルエスプランニング,https://lsplan.co.jp/contact.html
株式会社エスアイアソシエイツ,https://www.siaj.co.jp/Inquiry
株式会社ＵＮＩＷＯＲＸ,https://www.uniworx.co.jp/contact/
株式会社ｇｒａｐｐｌｅ,http://grapple.asia/contact/input.php
株式会社アクトゼロ,http://www.actzero.jp/company/enquiry/
株式会社トゥルーステージ,https://true-stage.com/contact/
プラス・ムーブメント合同会社,https://plus-movement.jp/contact
株式会社アットワンス,http://www.atonce-media.co.jp/contact/
株式会社ミシェル,https://michelle-office.com/
株式会社リーディング・ソリューション,https://www.leading-solutions.co.jp/inquiry/
株式会社ベルロックメディア,https://connect.vision/contact
株式会社集客パートナーズ,https://syukyakup.co.jp/
株式会社フェローライン,http://www.fellowline.co.jp/contact_top.html
株式会社クーイテック,http://www.cooytech.jp/contact/
株式会社カオルデザイン,https://www.kaorudesign.com/contact
株式会社メイツ,http://mates.co.jp/contact/
株式会社Ｔｗｅｌｖｅ,http://twelve012.co.jp/contact.html
株式会社フルブライト,https://fracta.co.jp/contact/index.php
株式会社ユーロフバンクエデュケーション,https://urofbankeducation.com/#link_inquiry
Ｏｕｔｂｒａｉｎ　Ｊａｐａｎ株式会社,https://www.outbrain.com/jp/contact/
株式会社スパイスマート,http://corp.spicemart.jp/
ヴイネック有限会社,http://www.v-neck.com/contact.html
株式会社アリウープ,https://www.alleyoop.co.jp/contact/
株式会社都恋堂,http://torendou.co.jp/contact.html
株式会社クローバー・サン,http://clover-sun.com/contact/
株式会社ジョイント,https://jyt.co.jp/%E3%81%8A%E5%95%8F%E3%81%84%E5%90%88%E3%82%8F%E3%81%9B/
アストロラボ株式会社,https://www.astrolab.co.jp/contact/
株式会社Ａｄｆｏｘ,https://adfox.jp/contact/
株式会社エムプロモ,https://www.macromill.com/contact/ja/contact.php?ref=https://www.m-promo.jp/
株式会社コーポレートプランニング,https://c-pl.jp/contact/
株式会社サフィックス,https://www.suffix.co.jp/inquiry/contact.html
株式会社ルグラン,https://legrand.jp/contact
アドリブ株式会社,https://www.adliv.co.jp/contact/
株式会社アクトビューロー,https://www.actbureau.co.jp/contact/index.php
株式会社Ｗｅａｖｉｎｇ,https://weaving-co.jp/contact/
株式会社ブルズアイコミュニケーションズ,http://www.bullseyecom.co.jp/contact/
株式会社ライスカレー製作所,https://ricecurry.co.jp/form.html
株式会社ラン・リグ,https://runrig.jp/contact/
スーパービューティー株式会社,http://superbeauty.jp/contact/
株式会社アクセスグループ・ホールディングス,https://www.access-t.co.jp/cgi-bin/form/index.cgi/contact/index
株式会社ａｑｕｗａ,http://aquwa.co.jp/?page_id=166
株式会社ユー・ピイ・アール,https://www.upr.co.jp/contact/
株式会社ｃｏｃｏ,https://thecoco.jp/#contact-section
株式会社アルテミス,https://www.artemis-inc.co.jp/contact
株式会社アイアンドディハヤト,http://www.id-hayato.co.jp/form.html
株式会社フライアウト企画,http://www.flyout.co.jp/contact/index.html
株式会社リーンフェイズ,https://reinphase.com/contact/
株式会社ゼネレイション,http://zeneration.jp/contact/
株式会社コードプラス,http://www.codeplus.co.jp/#contact
株式会社クロニット,http://www.clonit.co.jp/corp/contact.html
株式会社ニュートラリティ,http://neutral-ity.co.jp/contact/
シュタインズ株式会社,http://steins.co.jp/contact.html
株式会社アミューズエージェンシー,http://www.amuseagency.com/contact/contact.html
株式会社クロスリング,https://info.cross-ring.com/contact-form-service
株式会社マインディア,https://corporate.minedia.com/contact.html
ゼロシード株式会社,https://zeroxeed.co.jp/contact/
株式会社アットフリーク,https://www.at-freak.jp/contact/
株式会社シナップ,https://sinap.jp/contact/
シャトルロックジャパン株式会社,https://shuttlerock.co.jp/contact
サイトカイン株式会社,https://www.cytokine.jp/contact/
株式会社みらいきれい,https://mirai-kirei.jp/contact/
株式会社ナンシー,http://nanc.co.jp/
株式会社２ＷＦＭ,https://2wfm.com/contact/
株式会社ブーマー,https://boomer.co.jp/Contact.html
株式会社ブーム・メディア・コミュニケーションズ,http://www.boommedia.co.jp/contactus
セカンドアクト株式会社,http://www.secondact.co.jp/contact/
株式会社ファーストデジタル,https://www.firstdigital.co.jp/inquiry
Ｆｒｏｌｉｃ株式会社,http://marketeen.net/contact
株式会社Ｉｄｅａ　Ｐｌａｎｅｔ,http://idea-planet.jp/%E5%95%8F%E3%81%84%E5%90%88%E3%82%8F%E3%81%9B/
株式会社アイシーズ,https://0top.jp/inquiry/
カイロスマーケティング株式会社,https://www.kairosmarketing.net/inquiry
ＶＯＮＥ株式会社,http://vone.co.jp/inquiry.php
株式会社クラックス,https://crux-lab.co.jp/contact/index.php?mode=input
株式会社ハイパークリエーション東京,http://www.hypercreation.jp/mail/index.html
株式会社センティリオンシステム,https://www.centsys.jp/inquiry.html
株式会社ルイーダ商会,https://luida-shoukai.jp/commission/
クオリテック株式会社,http://q-tec.com/inquiry/
株式会社ユービジョン,http://youvision.jp/contact-2
株式会社フェアグラウンド,https://www.fairground.co.jp/contact
ポータル・ジャパン株式会社,https://www.portal-japan.co.jp/contact/
株式会社わのせんす,https://www.wanosence.co.jp/contact.html
デジマール株式会社,https://digimarl.com/contact/
株式会社グラシヤ,http://www.xn--yck7ccu1lcc6972d7qa91uo99i.com/inquiry
ＺＥＮＴＡ株式会社,https://webadvocator.jp/contact/
株式会社マッジ,https://www.mmmmm.co.jp/contacts_etc/
株式会社五箱,http://gohako.jp/contact/
ＰＩＡＮＯ　Ｊａｐａｎ株式会社,https://www.cxense.com/jp/contact-us
エンパワーショップ株式会社,http://empowershop.co.jp/mail/
ヴィビットインタラクティヴ株式会社,https://x127.secure.ne.jp/~x127060/inquiry/
有限会社ディーアール,https://www.d-r.co.jp/inquiry/info.html
株式会社インターライフメディア,https://www.interlifemedia.co.jp/contact/
株式会社ウェルコインターナショナル,https://wellco.org/contactus/index.html
株式会社インターネットマーケティングソリューション,http://www.internetmarketing.co.jp/cgi/contact/index.html
シンク株式会社,https://shin-c.jp/contact
株式会社クリエイトバンク,http://createbank.co.jp/contact.php
株式会社ココナツワールド,http://www.coconutsworld.jp/contact/
コマースデザイン株式会社,https://www.commerce-design.net/contact/
ロジスト株式会社,https://logist.bz/contact/
株式会社ゴルフ用品界社,https://www.gew.co.jp/contact
株式会社ｃａｐａｂｌｅ,https://capable.tokyo/contact/
株式会社トイロ,http://toyro.net/contact/
株式会社ＬＩＢＥＲＴＹ,http://liberty-inc.net/#contact
株式会社ノックス,http://knocks-inc.net/contact/
株式会社ランプライト,http://www.lamplight.co.jp/#section06
株式会社リバティーフェローシップ,https://tdmlabo.com/contact/
株式会社ＣＡＣＴＡＳ,https://cactas.co.jp/contact/
株式会社ＡＧＭ,http://www.agmsys.com/information.html
サーヴェイトコンサルティング株式会社,http://survate.co.jp/contact/contact.html
株式会社オタツー,https://ota2.jp/contact/
株式会社ふみコミュニケーションズ,http://www.fumi23.com/fc/request/
メディエア株式会社,https://u01.fsi.ne.jp/formmailer/da50361cec879310d62c6567869089e1.html
株式会社アット・ウエルネス,http://www.well-ness.co.jp/contact/
株式会社テクノボー,http://www.technobo.com/contact.html
株式会社フジマエ,http://www.fujimae.biz/contact.html
株式会社アイサイトテクノロジー,https://istech.biz/contact.html
株式会社キノトロープコンサルティング,https://www.kinotrope.co.jp/fp2/form/95
株式会社明報プロフィックスアソシエイツ,https://www.m-profix.co.jp/company/contact.html
有限会社インターアプローズ,http://interapplause.com/form_mail.php?ac=inquiry_input
株式会社東京せんでん,http://www.tokyosenden.com/contact/
Ｆ６　Ｄｅｓｉｇｎ株式会社,https://f6design.co.jp/
株式会社ネットパートナー,http://www.netpartner.jp/form.html
エレクトリック・アーティスト・ジャパン株式会社,https://www.electricartists.co.jp/contact.php
株式会社ＷＡＬＴＳ,https://waltsinc.jp/
株式会社シンプリック,http://www.simplique.jp/contact/
株式会社テントゥウェルブ,http://10-12.jp/contact/
株式会社ＧＲＩＴ,https://grit-corp.com/%E3%81%8A%E5%95%8F%E3%81%84%E5%90%88%E3%82%8F%E3%81%9B/
株式会社パイプライン,https://www.pipeline-dw.com/contact
株式会社フォレスト,http://www.forest.la/
リアル・アド・クリエイティブ株式会社,http://r-a-c.co.jp/rn/contact/
デジパ株式会社,https://digiper.com/official/
共和ピー・アール株式会社,http://www.kyowa-pr.co.jp/contact/index.html
株式会社バーチャルネットサポート,http://www.virtual.ne.jp/contact.html
株式会社パートナーズ,http://www.partners1989.com/inqfm/request/
株式会社ユーリアコーポレーション,https://www.youreacorp.com/contact/
クラウンコンサルティング株式会社,https://www.clown.co.jp/inquiry/
株式会社アイタック,https://www.itac-c.jp/contact
株式会社Ｌａｃｉｃｕ,https://www.lacicu.co.jp/contact
株式会社インフィニットポシビリティ,http://www.infinite-possibility.co.jp/contact
カジュアルダイニング株式会社,http://casual-dining.jp/contact.php
株式会社Ｍａｒｖｅｌ　Ｕｎｉｔｅｄ,https://marvelunited.co.jp/contact/
ＣＣＩ Ｇｒｏｕｐ株式会社,https://www.one-six.jp/#mediaiskgjyue23inlineContent-gridContainer
株式会社ネオロジー,https://www.neology.co.jp/contact/
株式会社メディカム,http://medicome.co.jp/contact
株式会社ＧＮＦ,https://gnf.co.jp/contact/
株式会社ハッピー・メンター,https://happy-mentor.co.jp/%E3%81%8A%E5%95%8F%E3%81%84%E5%90%88%E3%82%8F%E3%81%9B/
トライベック・プロフェッショナルサービス株式会社,https://ps.tribeck.jp/contact/index.html
アイキューブコンサルティング株式会社,http://www.icube-inc.co.jp/about/contact.html
株式会社サイバーシーン,http://www.cyber-scene.jp/inquiry/
株式会社ユナイテッドリバーズ,https://united-rivers.com/contact/
株式会社グローバルダイン,https://www.globaldyne.jp/contact/index.html
株式会社シーエスアール,http://www.csr.jp/contact
メディアプローブ株式会社,https://reg18.smp.ne.jp/regist/is?SMPFORM=lcoc-ofndt-65d30fff27c3ccfe10c08649d448e6da
株式会社ザ・ナイン,http://www.the-9.com/contact.html
ぴあフィールドサービス株式会社,https://form.run/@pdc
株式会社アスタリスク,http://asterisk.la/contact.html
株式会社ＤｉｇｉＣｏｎ,http://www.dcon.co.jp/#contact
株式会社テクト,http://www.tec-tec.co.jp/blog/form/1
株式会社マスターマインド,http://www.mastermindco.com/contact/
株式会社バギーバランス,http://www.buggy-balance.co.jp/contact/
ライフスタイルデザイン株式会社,https://www.lifestyle-design.co.jp/contact.html
コマースメディア株式会社,https://commerce-media.info/pages/contact
株式会社フビライ,https://fubilai.co.jp/contact/
株式会社リトルクラウド,http://little-cloud.co.jp/omotenashi/
株式会社Ｓｏｉｃｈｉｒｏ,https://soichiro.co.jp/contact/
有限会社楽風,https://rakufu.co.jp/
株式会社フライトホールディングス,https://www.flight-hd.co.jp/contact/
株式会社アーキテクチャー,http://www.architecture.co.jp/contact/
株式会社アップワード,https://up-ward.info/lp/contact/
株式会社プラスクラス,http://plus-class.co.jp/contact/
シンクマーク株式会社,https://syncmark.co.jp/contact/
株式会社キューブリック,https://cublic.jp/contact/
株式会社ＷＥＢＬＡ,http://webla.jp/contact/
株式会社ユナイテッドリンクスジャパン,http://www.mastersk8ter.com/infotop/contents/enquiry.php
ジーグロウ株式会社,http://www.z-grow.com/contact/index.html
ENJA株式会社,http://site-1176477-9603-5382.mystrikingly.com/#_5
株式会社ｗｉｚｇｅｅｋ,https://wizgeek.co.jp/#contact
ウィルグラント株式会社,http://w-grant.com/
株式会社滝澤印刷紙工,https://adson.co.jp/cgi-bin/contact/mail.cgi
株式会社東京リテラシー,https://www.tokyoliteracy.co.jp/contact/
有限会社サクシード・ドット・ジェーピー,http://www.succeed7.jp/contact.php
グーラン株式会社,http://www.goorun.co.jp/#contact
株式会社リブラゾーン,https://www.librazone.co.jp/contact/
プロトライブ株式会社,https://protrive.jp/contact.html
株式会社ケイズ,http://www.keiz.co.jp/contact.html
株式会社シマ・プロジェクト,http://www.shimapro.co.jp/spmail/index.html
株式会社シングラ,https://www.syngula.co.jp/contact
株式会社ウェブサークル,https://webcircle.co.jp/contact/
株式会社ＢｉｚｉｔＪａｐａｎ,https://www.bizitjapan.com/contact/
ブロックファンズ株式会社,http://blockfanz.co.jp/contact/
株式会社ゴンウェブコンサルティング,https://www.gonweb.co.jp/more-about/form_contact.html
株式会社サーベラス,http://www.cerberus.co.jp/info.php
株式会社ブルクレ,http://listing-gate.jp/contact.html
株式会社坂田印刷,https://www.sakat.co.jp/inquiry/
株式会社ソレイユコミュニケーション開発研究所,http://www.scdi.jp/contact/contact.htm
株式会社インフォビジョン,http://info-vision.biz/contact/
株式会社サードスコープ,https://third-scope.com/contact/
クリエイティブスパーク株式会社,http://www.spark03.com/link/contact_us.html
株式会社ＢＡＮＲＩ,https://banri.tech
株式会社デジタルチェンジ,https://www.digitalchange.co.jp/contact/
株式会社ブルッフラ,https://www.brujula.co.jp/ask.html
株式会社コンサルティング・プロデュース・ジャパン,https://www.cpjweb.com/form__map
株式会社Ｆ－ＲＥＡＣＨ,https://f-reach.co.jp/contact/
株式会社イノーヴインタラクティブ,https://innov-i.co.jp/contact/
株式会社ヴァーチュオーゾ,https://vto.co.jp/contact
株式会社ヘッドウェイ,http://www.hway.co.jp/contactus/
株式会社リライアンスコンサルティング,http://www.re-consul.net/contact/
クムクム株式会社,http://www.comty.co.jp/contact.php
株式会社タイセイ・エンタープライズ,http://www.taisei-e.com/contact/
株式会社ティナータイム,http://www.tinnertime.co.jp/contact.html
株式会社サーフコミュニケーションズ,https://www.surfcom.jp/inquiry.html
有限会社ティーディーアール,http://www.tdr-lab.com/contact/
ＧＲＱ株式会社,https://grq.co.jp/contact/
株式会社デザインスタジオ・リズム,http://www.rhythm.ne.jp/inquiry/
株式会社エスプロックス,http://www.sprox.co.jp/contact/
株式会社イディアネットワーク,http://www.idea-net.co.jp/contact/contact.php
株式会社ＩＮＴＥＲＩＡＬ,https://interial-inc.co.jp/contactus/
株式会社グラフトンノート,http://graphtone-note.co.jp/#tag4
アクシード株式会社,http://www.acceed.co.jp/contact/index.html
ライロ株式会社,http://www.lailo.co.jp/inquire/index.html
モッドワークス株式会社,http://www.modworks.co.jp/contact2/
カタログスクウェア株式会社,http://www.catalog-square.co.jp/contact/
株式会社ＬＹＯＨＧＡ,https://lyohga.co.jp/contact.html
シェルパワークス株式会社,http://sherpaworks.jp/contact/index.html
株式会社マロバス,http://www.marovass.com/#contact
株式会社テクノ・アンサー,http://techno-answer.a.la9.jp/form.html
建設不動産マーケティング株式会社,https://www.kf-marketing.co.jp/contact
Ｇｉｇａｎｔｉｃ　Ｔｅｃｈｎｏｌｏｇｉｅｓ株式会社,https://gigantic.co.jp/contact/
株式会社アドエイト,https://www.ad8.co.jp/inquiry_ad8/
インターメント株式会社,https://www.inter-ment.co.jp/pc/contacts/
有限会社ヘーヴィーズ,https://www.heviz.jp/contact/
株式会社オンザヒルコミュニケーションズ,https://www.onthehill.co.jp/#contact_anc
株式会社アクセルメディア,https://axel-media.com/contact/
株式会社ファーストメディア,http://www.1st-media.jp/inquiry/index.html
株式会社ＩｎｔｅｒＢｉｚ,http://interbiz.jp/#contact
株式会社ウィノヴァ,http://winova.jp/contact/
株式会社モデルケース,https://modelcase.co.jp/contact/
ＣＲＯＳＳＯＶＥＲ株式会社,http://cross-o.jp/contact-2/
株式会社販促デザイン,http://www.priodep.com/contact/
クロスオーバー株式会社,http://cross-o.jp/contact-2/
株式会社ビーネクサス,http://bnexus.jp/contact/
株式会社アンドゼン,http://andthen.co.jp/contact/
株式会社ロングリバー,https://www.long-river.co.jp/contact/
アルファーガホスピタリティ合同会社,http://alphargahospitality.com/inquiry/
株式会社インセム,http://www.insem.jp/contact/
株式会社ＤＡＴＡ　ＭＩＸＯＬＯＧＹ,https://docs.google.com/forms/d/e/1FAIpQLSfKrmp1yU0qwO8o8XWj4ngML1ar361-6w2XBDcl5jZgqVaoXQ/viewform
株式会社イーデ,https://eede.co.jp/
株式会社ケイ・ブリッジ,http://k-bridge.co.jp/contact/
ａｓｕｒａ株式会社,https://asura.cc/contact/
株式会社東京事務所,http://www.tokyojimusyo.com/contents/inquiry.html
株式会社ピープルタウン,https://peopletown.jp/inquiry/
株式会社ロイドブラザーズ,https://roid-brothers.jp/sample-page/%E3%81%8A%E5%95%8F%E3%81%84%E5%90%88%E3%82%8F%E3%81%9B/
株式会社エイチエルデザイン,http://www.h-ldesign.com/contact/
株式会社ＬＳＥ,http://lse.tokyo/contact/
ジャパンクレール株式会社,http://japan-claire.com/otoiawase/
有限会社いちひ,https://www.ichihi.com/contact.html
株式会社ジラフル,https://grfl.net/contact/
有限会社アイデアノマド,https://www.ideanomad.co.jp/#contact
株式会社まめなり,http://mamenari.com/contact/
株式会社ビズリンクス,https://bizlinks.co.jp/contact.html
株式会社ドットアイディー,http://www.did.ne.jp/contactus.html
もると合同会社,https://molto-c.com/#contact
貴商事株式会社,http://www.takashouji.com/contact.html
株式会社ＮＥＸＴＡＧＥ,http://ltd-nextage2011.jp/contact.html
株式会社ハットキャレット,http://intercircus.co.jp/?page_id=585
株式会社きゅらり,http://www.culali.com/contact/
ブルーオーシャン株式会社,http://b-ocean.info/contact/
株式会社Ａｌｅｓ　Ｎｏｖａ,http://alesnova.co.jp/contact/
株式会社リフトワンズ,http://www.liftones.co.jp/contact/index.html
ＷＥＢコンサルティンググループ株式会社,http://www.it-strategy.jp/contact/
株式会社ミーネット,http://www.menet.jp/mail_form.html
日本文化創出株式会社,http://ajacc.co.jp/form/
株式会社ブライトコア,https://pro.form-mailer.jp/fms/f77ff02a90645
株式会社ＦｕｔｕｒｅＤｉｎｉｎｇ,https://future-dining.com/contact/
株式会社ポムスタディ,https://pom-study.com/inquiry/
株式会社ＮＥＯＲＩＡ,https://neoria.jp/contact/
ホットモブ・ジャパン株式会社,http://www.hot-mob.co.jp/contact/
株式会社マルク・コンサルティング,https://maruku.co/#contact
株式会社ＦｉｎＴ,https://fint-inc.netlify.com/
株式会社アセットアシストコンサルタント,http://aa-c.co.jp/inquiry/
得安株式会社,http://www.ei-an.co.jp/contact-us/
株式会社ディー・エスプロモーション,http://ds-p.net/contact/
株式会社日本医療ソリューションズ,https://ahsj.jp/contact.php
有限会社アイ・クリエイツ,https://docs.google.com/forms/d/1b1RKgJmixSvx9at241WMXJeQL0gkK9BU9dcKyIHqFnc/viewform?edit_requested=true
株式会社エー・エー・オー,https://www.aao.co.jp/contact.html
ワイ・エム・エス株式会社,https://www.yms.net/contact/contact.html
株式会社ＲＥＴＶＡＬ,https://retval.jp/contact/
株式会社拓図コミュニケーション,http://www.ic-tact.co.jp/?page_id=2
有限会社スプレッドワークス,https://www.spreadworks.co.jp/contact/
ＧＩＶＥ＆ＧＩＶＥ株式会社,http://g-give.co.jp/contact/
データキャビネット株式会社,https://www.d-cabi.net/contact/index.html
株式会社いちから,https://ichikala.com/contact/
株式会社オルグアンドカンパニー,http://www.org-and-co.com/FormMail/form01/FormMail.html
株式会社アイティプラッツ,http://www.itplatz.com/contact.html
株式会社パワーミュージック,https://www.powermusic.co.jp/%E3%81%8A%E5%95%8F%E3%81%84%E5%90%88%E3%82%8F%E3%81%9B/
株式会社ティー・フォース,http://www.tforce.co.jp/contact/
ちゅくる株式会社,https://chucle.jp/contact/
株式会社プロビデンス,https://www.providence.co.jp/contact/index.html
カイシャドットインフォ株式会社,https://kaisya.info/commoninquiry/
有限会社ピアニッシモ,http://www.pianissimo.com/inquiry.html
有限会社デジ・エスケープ,https://www.webpromotion-kikaku.com/contact-us/inquiry.html
株式会社リザービア,https://www.reservia.co.jp/contact-%E3%81%8A%E5%95%8F%E3%81%84%E5%90%88%E3%82%8F%E3%81%9B/
シースリー株式会社,https://www.cthree.jp/contact/
株式会社Ｋｉｐｐｌｙ,https://www.kipply.co.jp/contact/
株式会社パワービジョン,http://powervision.co.jp/other/inquiry.html
リンヤ株式会社,https://rinya.co.jp/contact
株式会社ネイチャーシップ,http://www.natureship.com/contact/index.html
株式会社ストーリーメイカー,https://hp-maker.tokyo/contact.html
株式会社スリーエッジ,http://www.threeedge.jp/ask.html
サヴァリ株式会社,https://savari.jp/contact/
ジオオクトパス株式会社,http://geooctopus.com/#contact
株式会社ネオユニバース,https://www.n-uv.com/index.php?お問い合わせ
株式会社レバレッジマーケティング,https://leverage-marketing.jp/contact
株式会社ブリーチ,http://bleach.co.jp/mailform.html
サクラサクマーケティング株式会社,https://www.sakurasaku-marketing.jp/contact.php
ファクトリープラス合同会社,https://factoryplus.co.jp/contact/
株式会社グローバルリンクジャパン,https://www.globallinkjapan.com/%E3%81%8A%E5%95%8F%E3%81%84%E5%90%88%E3%82%8F%E3%81%9B/
株式会社Ｃｙｂｅｒ　Ｎｏｗ,https://cayounglab.co.jp/contact/
株式会社エムオーシー,http://www.moc-net.co.jp/contact/
株式会社ココマッチ,http://www.cocomatch.jp/cocomatch/contact.html
株式会社エムツーブレイン,http://www.m2b.co.jp/contact.php
株式会社アットフォト,http://www.atphoto.co.jp/inquiry/index.html
株式会社ＳＡＮＫＯ,https://www.3ko.co.jp/contact/
株式会社和未コンサルティング,https://global-ssl05.jp/nagomi-c.co.jp/inquiry_logs/apply/00014
株式会社プラデ,https://www.plade.co.jp/pages/oto.html
ホープ株式会社,http://www.hope-grant.co.jp/contact.html
株式会社ＴＨＲＥＥ　ＣＨＯＲＤＳ,http://three-chords.jp/contact/
株式会社アッドバディ,http://addbuddy.jp/contact-us.html
株式会社フレックス,http://flex-inc.jp/contact.html
株式会社プロフュージョン,http://profusion.jp/contactus/
トーコーアドサービス株式会社,https://www.ad-house.net/contactus.html
株式会社アイティービーラボ,https://itblabo.com/info/
株式会社アッション,https://www.assion.co.jp/contact/
株式会社インフォメーション,https://information.co.jp/contact
アイレックスコミュニケーションズ株式会社,http://www.irexcoms.co.jp/contact/
株式会社船井総研ＩＴソリューションズ,http://www.funai-it.com/contact
青山学院ヒューマン・イノベーション・コンサルティング株式会社,https://www.aogaku-hicon.jp/contactform/
フィーノ株式会社,http://fino-inc.com/contact/
株式会社ＫＭウェブコンサルティング,http://kmweb-consulting.co.jp/info.html
株式会社マスタープログレス,https://master-progress.co.jp/contact.php
株式会社ビズコン,http://www.ebiz-con.com/contact
株式会社インフォグルーヴ,https://www.infogroove.co.jp/#contact
株式会社グレイディエント,http://gradient.jp/#content-service
株式会社インターデント,http://www.interdent.co.jp/contact.html
株式会社フォローワン,http://www.followone.co.jp/index.php?%E3%81%8A%E5%95%8F%E3%81%84%E5%90%88%E3%81%9B
株式会社エヌプラス,https://www.nplus-inc.co.jp/contact/
エマージェンス合同会社,http://form1.fc2.com/form/?id=644347
株式会社コーポレートデザイン研究所,http://corporate-d.com/contact/form.php
株式会社マーケティングエンジン,https://lp.24-7.co.jp/contact/service?__hssc=23248997.2.1517551896922&__hstc=23248997.9c2d5bb826f7d05fa9d3213374e5bab3.1517551896921.1517551896921.1517551896921.1&__hsfp=810627620&hsCtaTracking=b1432360-930f-4a81-9177-c19bdd00acc4%7C21e5182d-ab67-4b99-9088-ac30579c2f5c
株式会社フォース・アラウンド,http://forcearound.com/inquiry/
ＳＨＩＮＫＡ株式会社,https://shinkacorp.jp/contact-us
クラウドカンパニー株式会社,https://www.cloudcompany.co.jp/contact/
株式会社ＷＥＢマーケティング,http://www.web-marketing.co.jp/7inq/
有限会社サイバーホット,http://www.cyber-hot.com/askme.html
シェイプウィン株式会社,https://www.shapewin.co.jp/inquiry
株式会社ガーブー,https://www.gaaboo.net/#contact
ジェネシス株式会社,http://genesis-inc.co.jp/contact/
株式会社スカイエリア,http://www.skyarea.jp/contact/index.html
株式会社グロースエンジン,http://growthengine.co.jp/contact/
株式会社キュードーガ,https://www.qdoga.com/form.html
株式会社セリオシステム,https://www.serio-system.com/inquiry/index.html
株式会社レボコミュニティ,http://revocommunity.com/contact.php
後藤ブランド株式会社,https://www.goto-brand.com/contactus/
株式会社トータルセオリー,https://hp.fivestyle.biz/contact/
株式会社ラボラ,http://www.labola.co.jp/cgi-def/admin/C-007/contact/visit/form_submit.pl
有限会社トップドッグ,https://1-topdog.com/contact/
バーズネスト株式会社,http://byrdsnest.co.jp/
合同会社コンデナスト・ジャパン,http://corp.condenast.jp/inquirey/
株式会社Ｆｉｎｄ　Ｍｏｄｅｌ,https://about.find-model.jp/contact
株式会社エビとも,https://www.ebitomo.co.jp/inquiry/
株式会社ＥＱＵＡＬＩＴＹ,http://www.equality.jp/contactform/contact.php
ＥＤＧＥ合同会社,http://edge-japan.com/contact/
株式会社フェアグラウンド,https://fairground.homepagine.com/contact/
ＳＥＯ株式会社,https://www.seo-kk.jp/form.php
Ｆｒｅａｘ株式会社,https://www.freax.co.jp/
株式会社ソフト１８,https://www.soft-18.net/blank-2
株式会社クリムゾン,https://www.crmsn.co.jp/contact/
株式会社シンク・イメージ,http://syncimage.com/inquiry.html
株式会社クロート,http://cloalt.com/contact/
ルーツラボ株式会社,http://roots-labo.com/#slide-6
株式会社Ｖ　Ｄｉｏｒｄｎａ,http://vgroup.jp/diordna/contact
ウルカ株式会社,https://uruka.co.jp/contact/
ｏｎｅ　ｎｏｂｌｅ株式会社,https://onenoblemedia.com/contact
株式会社ｃｒｅｅｔｙ,https://creety.tokyo/contact/
株式会社ａｉｏ,https://aio-inc.co.jp/#contact
株式会社プロドユニック,http://produniq.com/%e3%81%8a%e5%95%8f%e3%81%84%e5%90%88%e3%82%8f%e3%81%9b/
ピクセリウム株式会社,https://pixelium.jp/contact/
株式会社アスキボウ,https://www.asukeybow.com/contact/
ＥＣマーケティング株式会社,https://www.ecmarketing.co.jp/inquiry/
株式会社リヴィタス,https://www.livittus.com/contact
株式会社ダイヤモンドダッシュ,http://ddash.jp/page-18/
株式会社エムステージコミュニケーションズ,https://www.mstage-cmc.jp/contact/
有限会社クリフォート,http://www.crefort.jp/contact.html
株式会社ＲＥＳＴＥＣ,https://restec.tokyo/#contact
ＣＲＯＯＺ　ＥＣ　Ｐａｒｔｎｅｒｓ株式会社,https://crooz-ec-partners.co.jp/contact
グッドコンテンツ株式会社,https://www.goodcontents.co.jp/contact
株式会社さっと,http://it-secretary.tokyo/contact
株式会社ＧＧＬコミュニケーションズ,https://www.gglc.co.jp/contact/
株式会社ｐｏｐｔｅａｍ,https://digi-panda.com/inquire/
株式会社デジタルドロップ,https://www.digitaldrop.co.jp/inquiry
ＰＡＣコンサルティング株式会社,https://pac-c.jp/contactus/inq.html
株式会社ザブーン,https://zabooon.com/contact/
ロックスタ株式会社,https://rocst.net/#inquiry
株式会社有半堂,https://www.uhand.co.jp/
株式会社ハルキゲニア,https://docs.google.com/forms/d/e/1FAIpQLSfMJc0WWAsguxy5EDbPssPBrFD1ZT4w-PTWX-8B7R1-cNQXyA/viewform
株式会社ＵｎｉＦｌａｐ,http://www.uniflap.com/#contact
ｄｏｔｒｅａｍ株式会社,https://www.dotream.com/index.php#Mail
株式会社ＧＲＡＣＥ,http://corp-grace.com/contact/
ベストプロフォース株式会社,http://www.bestproforce.com/form.php
株式会社ＮＯＴＥ－Ｘ,https://note-x.jp/?page_id=12
ＸＥＮＯ　ＳＴＲＡＴＥＧＹ株式会社,https://xeno-st.co.jp/#section-four
株式会社クロスボーダー,https://cross-b.jp/blog/contact
株式会社Ｈｏｏｄｉｅ,https://www.hoodie.co.jp/contact
リベレーターズ株式会社,https://liberators.co.jp/contact/
株式会社ＲｅＬＩＦＥ,https://relife-m.com/contact/
株式会社インサイトマネジメント,https://insite-m.co.jp/?page_id=72
株式会社アクセプテ,https://accepter.co.jp/contact/
株式会社オルカマーケティング,https://orcamarke.com/contact/
Ｗｏｎｄｅｒｓ株式会社,https://indeed-hrmedia.com/contact/
ＨｙｐｅＡｐｐ株式会社,http://hypeapp.jp/#contact-area
株式会社ピアトゥー,https://docs.google.com/forms/d/e/1FAIpQLSfxcJZYmTWd91BkTWtfWTw2ZTfXrYe3cZe6XztFMaB6ysp7kA/viewform
ヴァンテージポイント株式会社,https://vantage-point.co.jp/#contact
ＦＵＬＬ－ＦＩＬＬ株式会社,https://full-fill.net/contact/
株式会社ビーアイシーピー・データ,https://bicpdata.jp/contact/
株式会社マーケティングアカデミア,https://mkt-ac.jp/inquiry/
株式会社ＣｙｂｅｒＬｉＧ,https://www.cyberlig.co.jp/#p-contact
株式会社ＳＵＮＹＳＩＤＥ,https://docs.google.com/forms/d/e/1FAIpQLSc5_xr4WMc3VLM9HoI76YMeK-qONAJNa9yWFwZ1izLhYd7juA/viewform
株式会社セブンデックス,https://sevendex.com/contact
株式会社ｔｈｉｎｋｔｈａｎｋ,https://thinkthank.co.jp/contact/
株式会社ｐｉｐｏｎ,https://pipon.net/
株式会社シースリー,https://www.cthree.jp/contact/
株式会社ＲＵＮＷＡＹＳ,https://runways.co.jp/contact/
エモーション株式会社,https://f.msgs.jp/webapp/form/12589_fqs_28/index.do
有限会社キッキー,http://www.kikky.co.jp/inq/
株式会社イーグリーン,http://egreen-e.com/contact/
株式会社ケイツー・インタラクティブ,https://www.k2-interactive.co.jp/order/?tid=13
有限会社顧客支援,http://www.1kokyaku.jp/
株式会社レアリ,http://www.reali.co.jp/form1.html
株式会社ワサビ・コミュニケーションズ,https://www.wasabi-communications.com/contact/index.html
ワールドリンク有限会社,https://www.wlc.co.jp/question.html
エジェリ株式会社,https://www.egerie.co.jp/contact
株式会社ビー・オー・スタジオ,https://www.bostudio.co.jp/contact/
株式会社ユニティーサービス,http://www.seo-unity.com/inq.html
株式会社アドコンシェルジュ,http://www.ad-conc.co.jp/inquiry/
株式会社ティーズウェブ,https://www.tsweb.co.jp/contact.html
株式会社Ｈｅｗ　Ｏｎｅ’ｓ　Ｗａｙ,https://how-inc.co.jp/contact
有限会社オプティマイゼーション,http://www.optimization.co.jp/contact.html
株式会社ネットフロンティア,https://www.net-frontier.jp/contact/
株式会社ｋａｚｅｎｉｗａ,https://docs.google.com/forms/d/e/1FAIpQLSfcvrqhpttDmUeZ1yMo9ASC82ZxYM8Jor44A4vgAXGpagrt2g/viewform?usp=send_form
クロスメディア・コミュニケーションズ株式会社,https://crossmedia.co.jp/inquiry
株式会社ピース・ビズ,http://www.peace-biz.com/contact/index.html
株式会社プリズム,https://www.prizmworks.jp/contact
株式会社インターコア,http://www.intercore.jp/inquiry/
株式会社グルー,http://www.grew.jp/contact
株式会社キャッスルジャパン,http://nettv.cafemix.jp/contact/inquiry.html
株式会社アドコス,https://www.adcos.co.jp/contact/
株式会社Ｒｉｔ,https://rit.jp/contact/
株式会社ファイネックス,http://www.finex.co.jp/inquiry/
ファーストメディア株式会社,http://www.1stmedia.co.jp/inquiry.html
株式会社ミナト・メディア,https://www.media-tucle.jp/ask_us/index.html
株式会社ＰＩＦ,http://onokuri.co.jp/contact/
株式会社ジーテクノロジー,http://www.g-tc.jp/FS-APL/FS-Form/form.cgi?Code=contact
株式会社ネットレイズ,http://www.netraise.jp/info/
Ｇｌｏｓｓｏｍ株式会社,https://www.glossom.co.jp/contact/
株式会社グリナス,http://www.grinus.co.jp/
ネクシオ株式会社,http://www.nexio.co.jp/contact.html
リビジョン株式会社,https://reinc.jp/contact
株式会社ココナッツビーチ,http://www.cocobe.jp/contact/
ユナイテッドエナジー株式会社,http://united-energy.co.jp/contacts.html
株式会社ＭＡＩＳＯＮ　ＭＡＲＣ,http://maisonmarc.com/contents/contact.html
株式会社アソピクス,http://www.asopics.co.jp/contact/
Ｈａｍｅｅコンサルティング株式会社,https://hamee-consulting.co.jp/contact/
株式会社アンサー,http://hide-z06.sakura.ne.jp/ANS/inquiry.html
株式会社ベーネ・ベーネ,https://sec24.alpha-lt.net/benebene.co.jp/contact.php
ＣＯＳＭＩＣ株式会社,http://cosmic4.com/#contact
株式会社カージオイド,http://cardioid.co.jp/contact
アルファアーキテクト株式会社,http://alpha-architect.co.jp/contact/
株式会社商業美術研究所,http://www.c-art.co.jp/contact/form.html
ズバテック株式会社,https://www.zubatech.com/toiawase.php
株式会社グラウンディングラボ,http://www.groundinglab.com/mail.html
株式会社チェンジイット,https://www.changeit.co.jp/contact/
合同会社シュテルン,https://www.sternllc.jp/contact/
株式会社ルウム,https://loom.jp/contact_form/postmail.html
株式会社スマートビジョン,https://smart-vision.co.jp/contact/
株式会社日本ダイレクトマーケティング,http://www.nd-marketing.co.jp/nd_contact.html
株式会社エリアマーケティングジャパン,http://www.area-marketing.co.jp/contact/index.asp
株式会社ＣＤＭ,http://www.wearecdm.jp/#contact
株式会社インフォアスリート,https://www.infoathletes.com/pages/contact/inquiry
ティー・アイ・イー株式会社,https://cs262.xbit.jp/~w072067/contact/
株式会社ニューロベイス,https://neurobase.co/index.html
株式会社フラットコード,https://www.flatcord.co.jp/contact/
アップスマート株式会社,https://appsmart.co.jp/#contact
アイスジャパン株式会社,https://www.icejapan.co.jp/#contact
アフターフェイズ株式会社,http://www.after-phase.com/contact/
株式会社ベビログ,https://babylog.co.jp/contact.html
株式会社スパイスマイルス,http://www.spismiles.co.jp/faq.html
株式会社電子書籍ホールディングス,http://denshishoseki.co.jp/contact.html
株式会社ｓｕｐｒｅｍａｃｙ,https://www.s-macy.jp/contact.html
株式会社ＢＯＰ,https://tayori.com/form/e05e9c8751b4fac4e04d8c99899b48eb1eb4e0a7
株式会社ワイス,https://wais.biz/inquiry.html
アクティブサポートジャパン合同会社,http://activesupport.co.jp/contact
株式会社スプラッシュ,http://sp-lash.jp/inquiry/
株式会社オフィス・ナル,http://www.office-naru.com/otoiawase/
バイトビームス株式会社,https://www.bytebeams.com/contact-us/
株式会社サムライズ,https://www.samuraiz.co.jp/inquiry/inq_index.cfm?inq=0
株式会社オーバル,http://oval-web.net/inquiry/
株式会社キャナル,https://t.canal.bz/contact/
アイティービジネスコンサルティング株式会社,http://www.itbc.jp/contact.html
エヌケーコミュニケーション株式会社,http://nkcmc.com/inquiry/inquiry.html
ユニバーサル・フェローズ有限会社,https://u-fellows.co.jp/contact/
株式会社シーアイピー,http://www.c-ip.co.jp/#contact
有限会社イメージボックス,http://www.image-box.cc/form/form.html
株式会社コンパッション,http://www.compassion.co.jp/inquiry/
株式会社ウィット,http://www.wit-inc.jp/contact/
デジタルライトハウス株式会社,https://www.digital-lighthouse.co.jp/%E3%81%8A%E5%95%8F%E3%81%84%E5%90%88%E3%82%8F%E3%81%9B/
マックス・クリエーション株式会社,http://max-creation.co.jp/inquiry/
アドフォン株式会社,http://adfon.co.jp/#Contact-Us
株式会社クロノス,https://chronus.co.jp/contact/
株式会社アーディット,http://www.addit.co.jp/inquiry/
株式会社クロスシード,https://x-seed.co.jp/contact
スターテッド株式会社,https://www.started.co.jp/
株式会社クリックマーケティング,https://www.clickmarketing.co.jp/article/14234069.html
株式会社マーケットボックス,http://www.marketbox.jp/index.php?dispatch=pages.view&page_id=45
株式会社エルプランニング,https://www.elplanning.co.jp/contact/
株式会社ＧＲＡＳＰ,http://grasp.tokyo/wp/66-2/
スタートリンク株式会社,https://startlink.co.jp/contact/
株式会社トイピ,https://toy-pi.co.jp/%e3%81%8a%e5%95%8f%e3%81%84%e5%90%88%e3%82%8f%e3%81%9b/
株式会社ＰＡエンタープライズ,http://pa-enterprise.co.jp/contact/
株式会社ディップ・アンド・エス・トーキョー,https://dip-tokyo.com/contacts/
株式会社トライハッチ,https://tryhatch.co.jp/contact/
株式会社ジェネリー,https://www.genery.co.jp/contact
株式会社ノーパッケージ,http://no-package.co.jp/inq/
アイ・ドリームフューチャー株式会社,https://i-df.jp/contact/
ＳｅｉｓＳｉｅｔｅ株式会社,http://6-7.jp/form/
株式会社ＬＯＴＵＳビズ＆サポート,https://lotus-bs.jp/contact/
株式会社アドゴッド,https://ad-god.jp/contact/
株式会社Ｆｉｂｏｔｓ,https://fibots.co.jp/otoiawase/
株式会社Ｗａｃｋｅｒ,http://wacker-inc.co.jp/contact/
株式会社Ｓｅｎｊｉｎ　Ｈｏｌｄｉｎｇｓ,https://senjinholdings.com/
株式会社Ｂａｎｋｓｙ,https://bksy.co.jp/#contact
株式会社Ｓｗｉｎｇ　ｂｙ　Ａｇｅｎｃｙ,https://www.swing-by-agency.co.jp/#_9
株式会社Ｂ＆Ｗ,https://bw-company.com/contact
株式会社ムーブル,https://www.movel.jp/#contact
株式会社ＢＥ　ＮＯＢＬＥ,https://benoble.co.jp/contact/
ｍｅｙｃｏ株式会社,https://www.meyco.co.jp/contact
株式会社ＲＳＳＢ,http://rssb.co.jp/#a05
株式会社フロントライン,https://frontline-jp.tokyo/contact/
株式会社産案,https://www.san-an.co.jp/contact/sales.html
株式会社ｓｍａｌｌｓｔｅｐ,https://www.nextfacto.com/contact/
株式会社Ｄ．Ｈ．Ｇ,https://www.dhg.co.jp/contact/
株式会社ＱＯＯＰＹ,https://qoopy.ltd/#contact-section
株式会社猫の手,https://neko-te.co.jp/contact/
株式会社ゴーウエスト,https://www.gowest-inc.jp/contact
株式会社グライド,http://glide-inc.co.jp/contact
株式会社ｎｕｔｓ,https://nuts-web.com/contact/
ＵＬＰＲＯ株式会社,https://www.ulpro.co/contact
株式会社エボラボ,http://evolab.co.jp/
ＦＰの住宅ローン比較株式会社,https://xn--hekm0a443zu0m27woj0d.xyz/about/
株式会社フルチェックサポート,https://fullcheck.jp/form/
株式会社ｖｉｃｕｓ,https://vicus.io/#contact
株式会社メンバーズユーエックスワン,https://docs.google.com/forms/d/e/1FAIpQLSdPV31Xa0b4mjjLCBsU7BOQwzZyzCjFNkppFYm-_febx6vhIA/viewform
株式会社めぐみや,https://megumiya.biz/contact/
ＳｑｕａｒｅＳｔｕｄｉｏ合同会社,https://squarestudio.jp/contact
株式会社ＭｉｒａＡｒｃ,https://miraarc.com/#contact
株式会社オリバーパス,https://ariverpass.jp/%e3%81%8a%e5%95%8f%e5%90%88%e3%81%9b/
ＡｐｐＭｅｄｉａ株式会社,https://appmedia.co.jp/%e3%81%8a%e5%95%8f%e3%81%84%e5%90%88%e3%82%8f%e3%81%9b/
株式会社三人旅,https://www.3nintabi.com/
株式会社ＦｏｕｒｔｈｉｓＵ,https://fourthisu.biz/contact/contact.html
フェアファクトリー株式会社,https://fairfactory.co.jp/contact/
ヌーベル・セルヴィス・ジャポン株式会社,http://nsjtest.web.fc2.com/mail.html
Ａｌｔｅｒａ合同会社,https://altera.jp/
株式会社コトナリ,https://www.kotonari.jp/contact
株式会社くいーる,http://e-quill.jp/contact/
株式会社Ｇａｌａｘｙ,https://www.galaxy-hp.net/contact.html
株式会社ミウラ・リ・デザイン,https://www.miura-re-design.com/inquiry
株式会社ビーレジット,http://www.belegit.co.jp/contact/
株式会社コアシーケンス,http://coresequence.jp/contact.html
有限会社パーソナルリンク,http://personal-link.com/toiawase/formmail.html
有限会社フランネル,https://flannel.co.jp/company/contact/
カルペディエム株式会社,http://carpediem21.com/contact/
イープロデュース株式会社,http://www.eproduce.co.jp/contact/
株式会社フラクト,http://www.fluct.co.jp/contact/form.php
株式会社ローラン企画,https://www.loran.co.jp/
株式会社トラストオブファイブ,http://www.trustoffive.co.jp/form.php
株式会社Ｒｏｂｂｉｅ,http://robbie.co.jp/contact.php
株式会社グレーヌ,http://www.graine.jp/formmails/index.php
株式会社アドマーケティング,http://ad-marketing.jp/index.html#contact
株式会社ＬＥ,https://le-company.co.jp/contact/
株式会社テレマーク,http://www.telemarks.jp/contact/
株式会社ＳＭＩＬＥ,https://smile-farm.co.jp/contact
株式会社ニンニンドットコム,http://www.nin2.com/contact/
ブロードテック株式会社,https://broadtec.co.jp/inquiry/
株式会社エム,https://www.em-ltd.jp/contact/
クオリア・ジャパン株式会社,http://www.qualia-j.co.jp/contact.html
株式会社シルシ,https://sirusi.co.jp/contact/?select=1
株式会社エムメン,http://www.m-men.jp/contact/
株式会社パワービジョン,http://powervision.co.jp/other/inquiry.html
株式会社イー・シー・アイ,https://www.eci.co.jp/question/
株式会社ピッコルーナ,http://piccoluna.com/contact/contact.html
株式会社ＴＡＫＥ　ＦＲＯＮＴＩＥＲ,http://takefrontier.com/#sec05
株式会社テンプロクシー,http://www.tenproxy.co.jp/contactus/index.html
テラ合同会社,https://design-tera.com/contact/
リボンハーツ・クリエイティブ株式会社,https://www.rhcnet.com/contact/contact.html
株式会社クリエイティブジャパン,http://www.cjp.co.jp/contact/
株式会社ナレッジシステムズ,https://www.kn-s.co.jp/contact.html
Ｏｔｓｕｍｕ株式会社,https://form.run/@otsumuinc
セールス・インチャイナ株式会社,http://sales-in-china.jp/contact
アラスジャパン合同会社,https://www.aras.com/ja-jp/request-information
株式会社レバレッジ,https://www.lev.co.jp/#contact
株式会社サイン,http://signe.work/contact/
株式会社アイゴスクリエイティブハウス,http://www.igosch.co.jp/contact/
ココチ株式会社,https://cococi.jp/contact/
株式会社アートワークスコンサルティング,https://www.artworksconsulting.com/#contact
株式会社サイバー・サーベランス,https://cyber-surveillance.jp/inquiry/
株式会社ユナイテッドネオ,http://united-neo.com/contact
日本ビジネスサポート株式会社,http://www.nb-support.com/#contact
株式会社ヘルメス,http://www.hermescorp.co.jp/contact
株式会社リビングサイエンス,https://living-science.co.jp/index.php?%E3%81%8A%E5%95%8F%E3%81%84%E5%90%88%E3%82%8F%E3%81%9B%E3%83%BB%E3%81%8A%E8%A6%8B%E7%A9%8D%E3%82%82%E3%82%8A
有限会社シラカワ企画,http://ad-net.co.jp/contact/
株式会社コムニコ,https://www.comnico.jp/inquiry-hub?hsCtaTracking=bf38b599-9aea-4185-a7b4-29f48883bb59%7C941da581-12e3-4d6f-b9ac-ef951a40979b
株式会社アクセサイト,https://www.accesight.com/contact/
Ｋｅｎｓｈｏｏ・Ｊａｐａｎ株式会社,https://www.kenshoo.co.jp/contact-us/
株式会社データビークル,http://www.dtvcl.com/contact/
アイプレックス株式会社,http://www.aiplex.co.jp/contact/
三陽株式会社,https://3yo.jp/inquiry/
株式会社ｍｊｏ,http://mjo-style.com/web2.html#sec-contact
株式会社インフォバーングループ本社,https://www.infobahn.co.jp/ask
株式会社ツナギテ,http://tsunagite.me/contact
株式会社リライアス,https://relyus.co.jp/contact
株式会社ディレクタス,https://directus.co.jp/contact/
株式会社エクストリーム,https://extreme-inc.jp/contact/
株式会社カレン,https://www.current.co.jp/contact/service_form.html
株式会社イノーバ,https://innova-jp.com/contact
株式会社セミラ,http://semilla-jp.com/contact.aspx
株式会社アドレイジ,http://ad-rage.com/contact/
株式会社アップコア,http://www.upcor.jp/inquiry/
株式会社ジェーエーシーリンクス,http://www.jaclinx.jp/contact/
株式会社プラス経営,https://www.plusm-sp.com/%E3%81%8A%E5%95%8F%E5%90%88%E3%81%9B/
株式会社トライバルコミュニケーションズ,http://tribal-com.net/contact.html
株式会社アーツ,http://www.aertsinc.jp/contact.html
株式会社エイチネットワーク,http://www.h-network.co.jp/otoiawase.html
株式会社インターブレインズ,http://www.inter-brains.jp/contact/
株式会社東京コンシューマーシステム,http://www.t-consumersys.co.jp/contact.html
株式会社ＦＲＩＮＧＥ,http://fringe-web.jp/contact/index.php
株式会社方円社,http://www.houensya.co.jp/contact.html
有限会社シーリックス,https://www.sealix.co.jp/contact/index.asp
株式会社アシスト,https://assist-all.co.jp/contact/
株式会社アドバン,https://ad-van.co.jp/contact/
有限会社ナビアン,https://www.navian.co.jp/japanese/contact/
株式会社ピコハウス,http://www.pico-house.co.jp/contact/
南麻布ラボ株式会社,http://minamiazabu-lab.co.jp/
株式会社ソフトストーンズ,http://www.sstones.co.jp/contact/form.html
株式会社ＳＵＴ,https://sutus.co.jp/contact
ファンネル株式会社,https://funnelinc.tokyo/contact/
アドフェニックス株式会社,https://www.adphoenix.jp/contact/form.php
和道株式会社,http://wadous.com/portal/contact_us.html
株式会社ＴＲＵＳＴ,http://www.tokyo-trust.jp/contact/
イノセンス株式会社,https://www.innosense.co.jp/contact/
株式会社ウェブパートナーズ,http://www.web-partners.co.jp/p/inquiryEdit.php
エムシーエス株式会社,https://www.mcscorp.co.jp/contact/
株式会社ネコノテ,https://nekonote.style/contact/
株式会社リジョイス,https://re-joice.co.jp/mail/
コネクタント株式会社,https://connectant.jp/contact/
株式会社デザインワークスステーション,https://www.dw-sta.net/contact.html
ケイエムコンサルティング合同会社,http://kmc.to/index.php?tg=contact
株式会社ミギウデ,https://migiude.ltd/contact/
株式会社ＡＴＲＡＣ,https://contact.atrac-inc.com/
ムガマエ株式会社,http://www.mugamae.co.jp/#contact
株式会社Ｂａｎｇ　Ｍａｒｋｅｔｉｎｇ,http://bangmarketing.co.jp/#contact
株式会社メリーウェザー,http://www.merryweather.co.jp/contact/
株式会社グローバルエンターテイメント,http://global-entertainment.jp/#contact
株式会社サブマリーナ,https://submariner5.com/#about
株式会社ｍｅｔｉｃｃ,https://www.meticc.co.jp/#contact
株式会社アシスト,https://www.incorporated-assist.com/%E3%81%8A%E5%95%8F%E3%81%84%E5%90%88%E3%82%8F%E3%81%9B/
Ｈｅｄｇｅｇｒａｎｄ株式会社,https://www.pmoney.info/contact/
Ｃｌｅｙｓｅｎｓｅ株式会社,https://cleysense.com/contact/
エイチプラス株式会社,http://www.hplus.co.jp/contact/
ＣＭＯ株式会社,https://jp.cmo.team/#contact
ＡＤｌｉｖｅ株式会社,https://adlive.asia/contact
株式会社Ｐｌａｔ－Ｃｏｍｍｕｎｉｃａｔｉｏｎｓ,https://www.secure-cloud.jp/sf/1548737207ibGehoIx
株式会社Ｅｉｆｆ,https://eiff.info/contact/
コボルト株式会社,https://kobold-inc.com/
ｔｏＢｅマーケティング株式会社,https://tobem.jp/inquiry.html
株式会社ブログウォッチャー,https://www.blogwatcher.co.jp/contact/
株式会社Ｆｏｒ　ｙｏｕ,http://foru.co.jp/contact
プロバランス．ホールディングス株式会社,https://pro-balance.co.jp/information/contact/
株式会社ＫＯＰ,https://www.kopjapan.com/contact
株式会社レアプロデュース,https://rea-pro.jp/
株式会社アドレクス,https://ad-rex.com/contact.php
株式会社ユニバーサルメディアジャパン,https://universalmediajapan.co.jp/#
株式会社リードインテリジェンス,https://lead-web.net/#contact
株式会社ＳＮエージェント,http://sn-agent.net/%e3%81%8a%e5%95%8f%e3%81%84%e5%90%88%e3%82%8f%e3%81%9b/
日本マーケティング合同会社,https://marketing-japan.net/contactus/index.php
株式会社ＳＯ－ＡＩ　Ｊａｐａｎ,https://tayori.com/form/c3bee4b0e5ab58ce99c23b41e103fcb91d2cb66d
株式会社ビジネスリノベーション,https://biz-renovation.jp/contact/
株式会社マルベルデン,http://www.mulberden.com/
株式会社ｂｅｌｌｎｏｔｅ,https://bellnote.co.jp/contact/
株式会社ＹｅｌｌｏｗＴｈｉｎｇｓ,https://yellowthings.jp/
合同会社オーバーカム,https://overcome.themedia.jp/pages/3213286/page_201909132308
株式会社モタラス,https://motaras.co.jp/contact.html
株式会社デザインスタジオエムズ,https://design-studio-ms.com/%e3%81%8a%e5%95%8f%e3%81%84%e5%90%88%e3%82%8f%e3%81%9b/
株式会社サイバースポーツ,https://cybersports.co.jp/#contact
株式会社フューチャー,https://www.future-8.com/contact.html
株式会社カシミール,http://kashmir.co.jp/
株式会社インターネットプロデュース,http://www.internet-produce.co.jp/contactus.html
株式会社グロウニッチ,https://www.growniche.co.jp/contact/
グローリエイション株式会社,http://www.gloreation.com/info.html
有限会社キャンドウェブ,http://www.cannedweb.co.jp/contact/index.html
有限会社ジョイメディア,http://www.joymedia.co.jp/%E3%81%94%E8%B3%AA%E5%95%8F%E3%83%BB%E3%81%94%E7%9B%B8%E8%AB%87/
株式会社ナンバー,http://nmbr.jp/contact
株式会社エヌスタイル,https://www.ns3.co.jp/#nsform
有限会社ネクストユニット,http://www.nextunit.jp/contact
株式会社ケイ・エム・インターナショナル,https://km-int.com/contact
有限会社マルチメディア・デジタルコンテンツ・システムズ,https://md-systems.net/contact/
株式会社ＣＭＷａｌｋｅｒ,http://www.cmwalker.co.jp/#contact
Ｓｉｎｃｅｒｅ　Ｊａｐａｎ株式会社,http://sincerejp.com/mail/
株式会社ｅｆｆｏｒｔ,http://best-effort.biz/contact.php
株式会社ルーパウス,https://lupaus.jp/contact/
有限会社白洋貿易,http://www.hakuyo.co.jp/#form
株式会社ジラフ,http://giraffe.ne.jp/contact/
合同会社言ノ葉,http://kotonoe.company/#contact
株式会社コラボステージ,http://www.collabostage.co.jp/contact/
ダータワーズジャパン株式会社,https://datawords.co.jp/%E3%83%80%E3%83%BC%E3%82%BF%E3%83%AF%E3%83%BC%E3%82%BA%E3%81%AB%E5%95%8F%E3%81%84%E5%90%88%E3%82%8F%E3%81%9B-0
株式会社ＩＴＡ,http://it-advisor.co.jp/contact/
株式会社プロトン,http://japanhosting.jp/contact.html
株式会社デライト,https://www.delight.ne.jp/contact/form.html
株式会社メディアチャンネル,http://www.media-ch.com/outline/contact.html
株式会社インターブレイン,http://www.seo-koukoku.jp/contact/
アースフィア株式会社,http://ear-th.com/contact/
株式会社プロジェクトゼロ,https://tayori.com/form/11196cdf547e37c5aeb8a9e7c7b00ea0de269c52
株式会社ＧＲＩＴ,https://traffic-lab.co.jp/contact
株式会社クリエイティブディーアンドエー,https://www.danda.co.jp/form/index.html
株式会社レイズ,http://raise-co.com/contact/
株式会社トレンドアクア,https://trendaqua.co.jp/contact/
株式会社Ｌ’ａｍｏｕｒ,https://l-amour.co.jp/
有限会社ゼニス,http://zenith-ltd.com/about.html#webform_zenith
株式会社ウッズ・コーポレーション,http://www.woods-corp.jp/contact/
株式会社ラン・リグマーケティング,http://runrig-marketing.jp/otoiawase.html
有限会社フラクタル,http://www.fractal.ne.jp/contact/index.html
株式会社ビズバンク,http://www.bizzbank.co.jp/contact/
株式会社ｅｎｔｅｒｓｈａｒｅ,https://entershare.jp/contact/
株式会社ディエスピー,https://ssl.ds-p.jp/contact-etc/
株式会社バックアシスト,http://back-assist.com/contactus/
株式会社ＭＯＶＩＭＡＳ,https://movimas.jp/contact/
大日設計株式会社,http://www.dainiti.com/inquiry.html
株式会社レステル,http://resutelt.jp/contact_us/index.php
株式会社ＭＥＬＬＩＤＩＯＮ,http://www.mellidion.jp/contact
リンケージプラン株式会社,http://www.linkageplan.com/corporateprofile/contactus/
ワイルドカード株式会社,http://www.wildstyle.jp/wrap/faq/
有限会社クリークコム,http://www.creekcom.co.jp/contact/index.html
株式会社リアクセル,https://reaxel.co.jp/contact
株式会社ダブルループ,https://www.doubleloop.co.jp/contact/
合資会社オオタキカク,https://1lejend.com/stepmail/kd.php?no=3242
スマートシェア株式会社,https://www.smartshare.jp/contactus/
株式会社ホワイト・ノーツ,http://www.whitenotes.jp/?page_id=874
ヴェネクト株式会社,http://tokyo.vml.com/contact/
株式会社ＢＥＮＬＹ,http://benly.co.jp/contact.html
株式会社タイムカレント,https://times-current.co.jp/contact-form/
株式会社ケーエスエム,http://ksm-inc.co.jp/contact
株式会社ワンプラットフォーム,https://www.onlyoneplatform.com/company
エイティエイト株式会社,http://www.e-eight.jp/#contact
株式会社ドリームクエスト,https://1lejend.com/stepmail/kd.php?no=118122
株式会社ＴｏＢｅサーチ,https://www.tobe-s.com/contact
株式会社ＡＣＫ,https://www.ack-st.co.jp/#contact/form
株式会社ニューズ・ツー・ユーホールディングス,https://www.news2u.co.jp/inquiries
株式会社プレミアム,http://www.premium-sys.net/inquiry.html
株式会社シッチェ,https://www.scice.co.jp/contact
スタービジョン株式会社,http://starvision.co.jp/sample-page/
株式会社インテリジェントターミナル,http://www.it-net.ne.jp/FormMail/ITformmail/FormMail.html
株式会社エビデンスラボ,http://batterydrink.jp/contactus.html
株式会社エムジェイシステム,https://reg34.smp.ne.jp/regist/is?SMPFORM=ldrf-lcmgt-7b419149932c534e872816192cd3641e
株式会社きざしカンパニー,https://www.kizasi.co.jp/contactus/form?ref=jp
株式会社リンクルエース,http://rincrew-ace.co.jp/
株式会社ジオロジック,http://www.geologic.co.jp/inquiry
株式会社フロンティアゲート,https://frontiergate.co.jp/contact
株式会社ソーシャルミックス,https://socialmix.co.jp/page-86
株式会社エムキューブ・プラスハート,https://moe3.co.jp/contact
ウィタンアソシエイツ株式会社,http://www.witan.co.jp/contact/
株式会社エイワ企画,http://eiwakikaku.com/inquiry/index.html
ジルミナ株式会社,http://zilumina.co.jp/#contact
株式会社エディト,https://www.edit.co.jp/contact/
株式会社ミンツプランニング,https://mintzplanning.com/contact
株式会社アイコンコーポレーション,https://aicon-corp.jp/inquiry/
株式会社ココサプリ,https://www.cocosupple.co.jp/contact
アイズテクノロジー株式会社,http://www.eyetech.co.jp/inquiry.html
株式会社エスパ,https://0426.co.jp/contact/
麻生セントラル株式会社,http://www.asocentral.co.jp/contact/index.php
株式会社シエロデザイン,https://www.cielo-design.com/inquiry/
株式会社クリエイティブホープ,https://www.creativehope.co.jp/inquiry/
ピーアンドシー株式会社,http://www.pandc.co.jp/contact/
株式会社レビックスジャパン,https://revix.co.jp/contact.html
株式会社ピュアラインドットコム,http://www.pure-line.com/Contact/
株式会社プロテック,https://www.pro-tech.co.jp/#contact
有限会社ウェブパートナーズ,http://www.web-p.co.jp/contact/
株式会社ＬＲ,https://www.lrcorp.jp/
ノーバジェット株式会社,http://www.nobudget.jp/contact/index.html
株式会社ブラヴィッシモ,https://www.bravi.co.jp/form/entry.php?x=contact
株式会社ビットワークス・ジャパン,http://www.bwj.co.jp/
株式会社Ｃｏｎｐｉｎｅｓｓ,https://conpiness.com/
株式会社ジャップジェニック,https://japgenic.com/contact
株式会社六次元,http://rokujigen.co.jp/contact/
株式会社ワザモノ,http://waza-mono.jp/index.html#top
シーエフポート株式会社,https://www.creativefield.jp/contacts/
株式会社アイスマイリー,https://aismiley.co.jp/
デジストリーム株式会社,http://digistream.jp/contact.html
株式会社テクノマジック,https://1000marketing.com/contact.html
アルゴ株式会社,http://algo.jp.net/contact/
株式会社グルーヴィーメディア,https://docs.google.com/forms/d/e/1FAIpQLSdo80W5zrASXelIeg-PG7lS-h9_l2ksMRBnCXpkFhZhr6ZZeQ/viewform
株式会社クリエイティブ・カラー,http://www.creative-c.jp/example.html
株式会社カラメロ,https://caramelo.co.jp/#contact
株式会社ＫＡＳＵＧＡ,https://www.kasuga-inc.co.jp/contact
クロストレックス株式会社,https://www.xtrecks.co.jp/
セルウェル株式会社,https://sellwell.jp/contact/
株式会社クレディファイ,https://credify.co.jp/%e3%81%8a%e5%95%8f%e3%81%84%e5%90%88%e3%82%8f%e3%81%9b/
株式会社ＡＣＴＢＯＸ,https://actbox-corp.com/%E3%81%8A%E5%95%8F%E3%81%84%E5%90%88%E3%82%8F%E3%81%9B/
株式会社ウィザー綜研,https://jp-legal.sakura.ne.jp/inquiry/index.html
ジェムフーディーズ株式会社,https://gemfoodies.com/wp/contacts/
株式会社プロソア,http://www.prosoa.co.jp/
株式会社ｅｉｇｈｔｈ　ｔｏｏｌ,http://www.8tool.co.jp/contact.php
株式会社ｋｒｏｃｏ７４,https://kroco74.com/contact/
株式会社セブンスケッチ,https://sevensketch.jp/
株式会社華匠,http://kasho-net.com/#an07
ＬＩＳＨ株式会社,https://lishinc.com/contact/
株式会社アットファンズ・マーケティング,http://atfanz-m.co.jp/contact
有限会社Ｇｕｎｎｅｒｓ,https://gunners.jp/inquiry/
株式会社リリク,https://rerec.jp/#sec-contact-input
株式会社ＷＯＮＤＥＲＳＥＮ　ＣＯＮＳＵＬＴＩＮＧ,https://www.wsc-inc.co.jp/%E3%81%8A%E5%95%8F%E3%81%84%E5%90%88%E3%82%8F%E3%81%9B/
株式会社ウエスト,http://west-21.com/%e3%81%8a%e5%95%8f%e3%81%84%e5%90%88%e3%82%8f%e3%81%9b/
株式会社フロンティア,http://frontierup.jp/
アンドバオ株式会社,http://and-bao.com/#CONTACT
株式会社Ｓｅｃｏｎｄ　Ｏｒｄｅｒ,https://second-order.jp/contact/
株式会社ＬＵＭＩＥＳ,https://lumi-es.com/contact/
株式会社サイトストック,https://sitestock.jp/inquiry_form_input.html
まじすけ株式会社,https://docs.google.com/forms/d/e/1FAIpQLSefMiUQmsh7Eo5jfRvs2CY-aYWBU_PJvxW8SfQG-vocvk7snQ/viewform
ＪＡＭテクノロジーズ株式会社,https://jam-tech.jp/contact/
株式会社ＲｅｃｏｒｄＢｒｅａｋｅｒ,https://r-breaker.co.jp/contact/
Ｔｓｕｍｉｋｉ　Ｔｅｃｈ株式会社,https://tsumikitech.jp/#contact
株式会社Ｍｉｃｒｏｂｅｅ,http://microbee.co.jp/contact/
株式会社Ｐａｙ－Ｆｏｒｗａｒｄ,https://www.payforward.co.jp/%E3%81%8A%E5%95%8F%E3%81%84%E5%90%88%E3%82%8F%E3%81%9B
ｗｅｂｌｉｖｅｌｙ株式会社,https://weblively.jp/index.php#contact
株式会社３２１,https://321.inc/contact
株式会社ファンリピート,https://funrepeat.com/contact
株式会社ネクサスプランニング,http://nexus-planning.com/contact/
株式会社ＮＯＢＵ,https://nobu-n.co.jp/contact
株式会社レヴォステージ,https://www.levostage.co.jp/contactform
合同会社ケンジツ,http://kenjitsu.work/contact.html
株式会社ＭＯＶＥＤ,https://moved.co.jp/contact
株式会社シンクジャム,https://thinkjam.co.jp/contact/
株式会社プローブ,http://www.ad-prove.com/contact/
トライベック・ストラテジー株式会社,https://www.tribeck.jp/contact/
株式会社ＰａｒａＷｏｒｋｓ,https://paraworks.jp/#contact
株式会社ＨＡＬＥＩＤ,https://haleid.co.jp/contact
株式会社ネーブルス,https://www.soft-dev.jp/contact/index.html
株式会社レルモ,https://www.lermo.co.jp/
アバロン株式会社,https://avlninc.com/contact/
株式会社ＷＩＮＱ,https://winq.co.jp/#form
株式会社ＶＯＬＴ,https://volt.co.jp/contact/
株式会社ビーコネクション,http://www.be-connection.jp/
ユニクゥ株式会社,https://uniquu.com/
株式会社エー・アンド・ティ・アドバタイジング,http://company.saia.jp/info/
株式会社エフ・シー・シー,https://fcci.co.jp/contact/
株式会社フォリエイジ,http://www.corp-foliage.jp/contact/index.html
株式会社カナルインベストメント,https://canal-investment.com/contact/
株式会社プラム,http://plums.co.jp/information/
ホワイトベアー株式会社,https://whitebear-seo.com/contact/
株式会社ブロック,http://www.b-rock.jp/contact/
株式会社アドグラビティ,http://adgravity.jp/inquiry_cgi/index.html
株式会社イーストクリエイティブ,https://www.east.co.jp/contact/
合同会社中田商会,http://nakata.work/#flag05
株式会社インターアローズ,https://interarrows.com/contact.html
株式会社パズルファクトリー,https://pzz.jp/inquiry/
株式会社ラヴィゴット,https://www.ravigote.co.jp/contact
株式会社ｅビジネスソリューション,http://www.ebskk.com/contact/index.html
株式会社ルビコンマーケティング,http://www.rubiconmarketing.co.jp/contact/
インターフュージョン株式会社,http://interfusion.co.jp/contact/
株式会社ＢＬＹ　ＰＲＯＪＥＣＴ,https://bly.co.jp/inquiry
エクスチュア株式会社,https://ex-ture.com/contact.html
株式会社グリーン・シップ,http://www.green-ship.co.jp/contact/
株式会社イー・ファースト,http://www.e-first.co.jp/mail.html
スタイルプラス株式会社,https://www.style-plus.co.jp/contact/
株式会社フェミニクトメディア,http://www.feminictmedia.com/#contact
株式会社イージオ,http://www.easeo.co.jp/contact/
有限会社マスティージ,https://takeuchihome.heteml.jp/masstige/contact.html
有限会社ベルコミュニケーションズ,http://www.bell21.co.jp/contact/index
エイブル・システム株式会社,http://www.able.jpn.com/#section-contact
株式会社ｔｅｃｏ,https://www.te-co.co.jp/inquiry/
有限会社アルファサラボ,https://www.arfaetha.com/arfaetha/inquiry.html
株式会社ＷＡＴＡＮＡＢＥ,http://wondermedia.co.jp/#contact
株式会社フロンティア,http://www.frontier-corporation.jp/inquiry
株式会社クレアレッセ,https://crearesse.co.jp/contact/
株式会社メディア・ビー,http://www.mediabee.co.jp/contact.html
株式会社Ａｉｖｉｃ,http://www.aivic.jp/#contact
株式会社フレイル,http://www.flail.jp/cgi/sendmail/sendmail.htm
株式会社ユナーク,http://yunaku.com/contact/
株式会社アルファージール,https://www.alpha-zeal.com/contact
株式会社グルコム,https://grucom.jp/secure/contact.php
フリーべル株式会社,http://www.freebell.net/#inquiry
株式会社パットンファイヴ,https://8105.jp/contact
株式会社メディア・ゲート・ジャパン,http://mediagate-japan.com/contact/
株式会社モノリス,http://www.mono-net.co.jp/contact/index.html
株式会社スタートライズ,https://secure.niche-catalog.com/inquiry/50027
株式会社ビジネス・パートナーズ,http://www.biz-p.co.jp/contact/index.html
株式会社スペクトル,https://spm.co.jp/contact
株式会社フランク,https://www.frank-inc.com/%E5%95%8F%E3%81%84%E5%90%88%E3%82%8F%E3%81%9B/
キイロ株式会社,https://www.kihro.com/
株式会社フォークエスト,http://www.forquest.jp/#contact-top
株式会社ウズリー,http://www.uzury.co.jp/contact/
ＬｉｖｅＲａｍｐ　Ｊａｐａｎ株式会社,https://liveramp.co.jp/contact-us/
スクエアノート株式会社,https://www.squarenote.jp/contact/
株式会社アフティー,https://hip-web.com/autoweb/qurey/qurey.html
ピクセルクラフト株式会社,http://www.pixelcraft.co.jp/contact.html
システムインサイト株式会社,http://www.system-insight.com/inquiry/index.html
株式会社まぼろし,https://maboroshi.biz/contact/
アイティーディレクト株式会社,https://itdirect.co.jp/contact.php
株式会社リーダーズ,http://www.tkconsulting.jp/mailform/
株式会社深谷歩事務所,https://officefukaya.com/contactform
株式会社テックブック,https://www.techbook.jp/
１０３Ｒ株式会社,https://103r.co.jp/inquiry/
株式会社ファンティビジョン,http://www.fantivision.com/contact.html
マーキットワン株式会社,https://markitone.co.jp/contact/
日本コンピュータ・アーツ株式会社,https://www.nc-arts.co.jp/cgi-bin/new_contact.cgi
株式会社ＭＩＲＡＩ,http://mirai-01.jp/contact1/
株式会社デジタルアイデンティティ,https://digitalidentity.co.jp/contact/
アドバー株式会社,http://www.adver.co.jp/contact/
株式会社ＩＬＢ,https://www.ilb.co.jp/hc/ja/articles/360000938783#contact
株式会社ユーエス・コンサルティング,https://the104.net/%E3%81%8A%E7%94%B3%E8%BE%BC%E3%81%BF%E3%83%95%E3%82%A9%E3%83%BC%E3%83%A0_20190119/
シーエスエス株式会社,http://www.csskk.co.jp/contact/index.html
株式会社ヤマダクリエイティブ,http://www.ycreative.co.jp/contact/form.cgi
インプリメント株式会社,https://www.implement.co.jp/inquiry/
株式会社カリテ,https://www.qualite.jp/contact/
エイチスリーパートナーズ有限会社,https://www.ossplaza.com/contact.html
しゃかいデザイン株式会社,https://www.sip-design.com/blank-3
ＨＵＮＴＥＲＳ株式会社,https://hunters.co.jp/contact.html
株式会社ピー・エム・シー,http://www.p-mileage.com/form/
アリソン・アンド・パートナーズ株式会社,https://allisonpr.jp/contact/
株式会社ジスターイノベーション,https://www.gistar-i.co.jp/contact/
アウモ株式会社,https://aumo.co.jp/contact.html
株式会社ディレンマ,https://www.dilemma.co.jp/inquiry.html
株式会社ダイヤモンドファンタジー,https://www.diamond-f.net/#contact
株式会社シンクラフト,https://thinkraft.co.jp/#contactArea
株式会社ジョニー・ジャガー・ジャパン,https://3-j.jp/contact/
株式会社バリュープランニング,https://www.valueplan.jp/contact.php
株式会社タスタス,http://www.tas-tas.jp/recruit.html
株式会社タイレルシステムズ,https://www.tyrellsys.com/contact/
株式会社ＳＡＭＩＹＡ,https://samiya.co.jp/#contact
共栄ワークス株式会社,http://www.kyoeiworks.co.jp/contact/
株式会社Ｏ．Ｋ,https://ok-inc.co.jp/contact.html
Ｗ　ＣＲＥＡＴＩＶＥ株式会社,https://www.w-creative.tv/contact
株式会社Ｕｎｉｏｎ　Ａｌｌ,https://union-all.jp/?page_id=19
株式会社Ｇｏｏｄ　Ｆｏｒｔｕｎｅ,https://g-fortune.co.jp/contact/
ｓｔｕｄｉｏ１５株式会社,https://studio15.co.jp/
ｚｉｎｅ株式会社,https://zine.co.jp/
株式会社グロースバリュ,https://growth-value.co.jp/28-2/
ＳＨＡＫＥ　ＨＡＮＤ合同会社,https://shakehand-inc.co.jp/#contact
株式会社ＢＡＳＡＲＡＮ,https://basaran.co.jp/#contact
株式会社Ｂａｎｓｏ,https://banso.tokyo.jp/contact-us/
ウィルクルーズ合同会社,https://will-crews.com/toiawase/
株式会社サントレイブ,https://suntrave.co.jp/contact/
インターヘッド株式会社,https://docs.google.com/forms/d/e/1FAIpQLSexvvVeYCG598lTPP15selTHqk1vQxlsfu9Wb44r0M38FDKdA/viewform
株式会社Ｑ－ＤＥＮ,https://q-den.net/contact/
株式会社Ｃｌｅｒ,https://www.cler.jp/?page_id=219
株式会社ｔｒｅｇａｒｏ,http://tregaro.jp/contact/
株式会社テックコミュニケーションラボ,https://tech-comm-lab.net/
有限会社ビディア,http://www.vidya.jp/contact
株式会社ＳＰＥＣＡ,https://speca.co.jp/contact/
株式会社デジタルワークス,https://digi-works.co.jp/
株式会社Ｊｉｚａｉ,https://jizaiinc.co.jp/
Ｅｌｉｋａ　ＪＰ株式会社,https://elika.jp/form.php
株式会社アーチャレス,https://www.archeress.co.jp/#contact_section
株式会社Ｏｎ　Ｔｈｅ　Ｒｏａｄ,https://www.ontheroad-production.jp/contact/
株式会社ジェットエージェント,https://jetagent.jp/contact/
株式会社Ｆｒｅｅｌｙ,https://freely.tech/#contact
株式会社Ｇｒｅｅｄ,http://greedinc.co.jp/
ガレリア株式会社,https://company.galleria-art.jp/?page_id=59
ＧＭＯユナイトエックス株式会社,https://www.gmo-ux.com/contact
株式会社ノベルプラン,https://www.novelplan.info/
株式会社ジョシュアツリー,http://joshuatree.jp/info/
ＩＴＲＡ株式会社,https://www.itra.co.jp/contact/index.html
モジカク株式会社,https://mojikaku.co.jp/
アドエンターグループ株式会社,https://adeg.jp/contact-2/
株式会社スティーブアスタリスク,https://steveinc.jp/contact/
株式会社きゅんとふる,https://cyuntfull.com/#contact
匠Ｌａｕｒｅｎ株式会社,https://takumi-lauren.co.jp/contact/
プラス・ドライブ株式会社,https://plusdrive.co.jp/contact
株式会社スカイエージェンシー,https://sky-agc.co.jp/contact/
株式会社ＴｅａｒＤｒｏｐ,https://teardrop-inc.com/#fh5co-contact
株式会社ＳＴＡＲＴ　ＯＶＥＲ,https://www.startover.tokyo/
株式会社セレブリック,https://sed-o-pro.com/contactus/
株式会社モビぶっく,https://www.mobibook.co.jp/contact/
ネットビジネス・テクノロジー株式会社,https://netbiz.jp/contact/
ＲＥＯｒＧＡ株式会社,http://www.reorga.co.jp/index.html
株式会社キーファクトリー,https://keyfactory.co.jp/contact/
株式会社ＳＯＬＥ,http://www.sole-corp.co.jp/contact/contact-mail/
ａａｃｏｌａｎｄ株式会社,https://www.popolarita.co.jp/contact/
有限会社アン・オウル・ワークス,http://aoworks.jp/contact/contact.html
株式会社ワークスクリエイティブプロモーション,http://www.works-cp.com/contact/
株式会社大泉紙業,http://ohizumi-kami.com/contact/
株式会社サン・フロンツ,https://cyberhearts.co.jp/inquiry/inquiry.html
株式会社ヒットスタイル,https://hit-style.com/contact.html
株式会社イー・ジー・ドライブ,http://www.eazydrive.co.jp/contactus/
株式会社プラス,http://plus-plusinc.co.jp/%E3%81%8A%E5%95%8F%E3%81%84%E5%90%88%E3%82%8F%E3%81%9B/
株式会社アローズ,http://arrowsweb.jp/contact/
タアシエ株式会社,https://www.taashie.co.jp/contact
株式会社ＧＴＧ,http://gtg55gtg.web.fc2.com/contact.html
株式会社シンシア,http://sinthia.biz/contact
株式会社スタイル,http://www.style.to/menu00.htm?faq.cgi
株式会社シークフロント,https://server44.joeswebhosting.net/~se21823/06_about_us/contact.html
ノベル・アイ有限会社,http://novel-i.com/contact/
株式会社エッジオブクリフ＆コムレイド,http://www.eocc.jp/contact/index.html
株式会社レクスター,http://www.rexter.tokyo/contact.html
株式会社キャソードエンタープライズ,http://ca-enter.co.jp/?page_id=79
株式会社Ｆｏｒｅ　Ｒｉｓｅ,http://fore-rise.jp/contact/
株式会社クリエイティブアートプランニング,http://www.art-planning.co.jp/form.htm
有限会社マッターホルン,http://www.matterhorn.co.jp/contact/inquiry_form.php
株式会社電脳商会,https://www.denno.co.jp/%E3%81%8A%E5%95%8F%E5%90%88%E3%81%9B/
トアル株式会社,http://toall.jp/contact.html
ビジネスコンピューターサービス合同会社,https://www.allin1.jp:20000/1127445439524/
株式会社ソライル,http://sorairu.co.jp/request.php
株式会社ファンコミュニケーションズ・グローバル,https://adjapon.com/contact/
株式会社Ｓ－ＦＡＣＴＯＲＹ,http://www.sfactory.co.jp/contact
株式会社Ａ４,http://a4-2011.com/?page_id=400
株式会社マルウェブ,https://www.maruweb.co.jp/contact/
株式会社ビクトリーウィズ,http://www.victorywith.com/contact/
株式会社ビーシフト,http://www.b-shift.co.jp/contact
株式会社システムティー,http://systemt.jp/mail/
株式会社クエル,http://www.webheads.jp/contact/
有限会社エス・カンパニー,http://3sd-c.com/contact/
株式会社セレクトマーケティング,http://www.selectmarketing.co.jp/contact/
株式会社レプレ,https://liliqua.com/contact/
株式会社ピー・アール現代,https://pr-g.jp/
株式会社日本モバイル,http://www.japanmobile.co.jp/index.html
株式会社インティメート・マージャー,https://corp.intimatemerger.com/contact/
株式会社サイドランド,http://sideland.jp/contact/index.php?TB_iframe=true&width=760&height=890
株式会社メテオデザイン,http://www.meteodesign.co.jp/contact.html
タップジョイ・ジャパン株式会社,https://www.tapjoy.com/ja/contact/
株式会社ロージー,http://www.rozie.net/contact/
株式会社ベレコム,http://www.verecom.co.jp/#sec-contact
有限会社サンレイ,http://www.3ray.jp/contact.cgi
Ｄａｔａ　Ｔａｉｌｏｒ株式会社,https://www.datatailor.co.jp/about
株式会社アイティースタジアム,http://product.its555.co.jp/contact/index.html
株式会社ブレインアンドトラスト,https://www.bandt.co.jp/inquiry/
株式会社ケーケーアイ,http://kki-ltd.com/contact.php
株式会社アイカンパニー,http://i-cointl.com/contact.html
ドットコネクト株式会社,http://dot-connect.co.jp/inquiry.html
株式会社ワンプルーフ,http://www.one-proof.co.jp/contact/form
株式会社シュア・アベニュー,http://www.sureavenue.com/05_contact/index.php
株式会社プロメトル,http://www.promettre.jp/contact.php 
株式会社フォービス,https://forbis.jp/form.html
Ｂｉｔｓｍｉｔｈ株式会社,https://bitsmith.world/contact/
株式会社バリュースター,http://valuestar.jp/#contact
株式会社テルコ,http://teruco.co.jp/?p=7
有限会社プロントハイアット,https://www.pronthyatt-gr.com/blank
株式会社ひとネット,http://hito-net.com/inquiry/
株式会社フルバランス,https://fbl.jp/contact/
マーケティングテクノロジー株式会社,https://hanjo.tech/inquiry/
株式会社デジクロソリューションズ,https://secure-1st.net/ssl/solutions/contact_form/
株式会社ヴェリーライフ,http://verylife.co.jp/inquiry.html
株式会社グローバルテック,http://www.global-t.jp/inquiry.html
株式会社ＰＩＫ,https://www.pik.co.jp/%E5%95%8F%E3%81%84%E5%90%88%E3%82%8F%E3%81%9B/
株式会社ＬＯＯＰＳ,http://www.loops-inc.co.jp/contact/index.php
株式会社Ｅａｓｙ　ｍｏｄｅ,http://information-library.com/?page_id=23
有限会社プロセキュート,http://www.prosecute.jp/inquiry.htm
エンパワーズ株式会社,https://enpowers.co.jp/inquiry
株式会社リンクル,https://rincrew.jp/inquiry/
株式会社ＦＩＮＥ　ＦＩＥＬＤ,http://fine-field.net/contact/
株式会社Ａｇｅｌｅｓｓ,https://ageless-corp.jp/contact/
グッドネスカンパニー株式会社,https://goodness.co.jp/inquiry/
クロスフィニティ株式会社,https://www.crossfinity.co.jp/info/
株式会社ビジネス・アーキテクツ,https://www.b-architects.com/contact/inquiry.cgi
ブリスクライン株式会社,http://blisscline.com/contact.html
株式会社Ｌｅａｄ,http://www.ad-lead.jp/contact/
株式会社ＧＴＡ,http://gta-redwing.sakura.ne.jp/contact.html
有限会社Ｔａｋｅ．ｃｏｍ,http://www.design-take.com/contact.html
テテマーチ株式会社,https://tetemarche.co.jp/contact/
ＨＩＤＥＡＷＡＹＳ株式会社,http://hideaways.jp/contact/
ブリジアン株式会社,http://brisian.co.jp/contact/index.html
イーショップ株式会社,http://e-shops.co.jp/contact.html
オルネスホールディング株式会社,http://www.olnes.co.jp/inquiry/index.html
株式会社タウン情報全国ネットワーク,https://www.tj-net.co.jp/other/
メディバンクス株式会社,http://medi-banx.com/contact/
株式会社Ｔｅｎｍｕ,https://tenmu.jp/contact
株式会社リテクラム,https://retekram.co.jp/contact/
株式会社Ｃｒｅｓｔｌｉｎｅ,https://crestline.jp/information/
株式会社ＤＯＤ,https://dodinc.co.jp/#contant-area
株式会社ＮｕＲｉｄｅ,https://nuride.co.jp/%e3%81%8a%e5%95%8f%e3%81%84%e5%90%88%e3%82%8f%e3%81%9b/
株式会社リスティングプラス,https://ppc-master.jp/contact/
株式会社Ｆｌｏｏｒ　ｉｔ,https://floor-it.co.jp/
株式会社Ｓａｂｕｒａｉ,https://saburai.co.jp/contact
株式会社Ｐｏｎｄ　Ｒｉｖｅｒ,https://pond-river.com/contact
株式会社アシッドハウス,https://acidhouse.love/?avia_forced_reroute=1#form-link
株式会社ＭＥ　Ｃｏｍｍｕｎｉｃａｔｉｏｎｓ,https://sakurazaka-ch.com/contact/
株式会社ステージシックス,http://stage6.co.jp/index_jp.php#contact
株式会社イーヌーロ,http://www.e-nulo.com/#contact
プロフェッショナルラボ株式会社,https://professionallabo.co.jp/contact/
ＩｎＴｕｒｎＳｈｉｐＪＡＰＡＮ株式会社,https://www.inturnshipjapan.com/contact/
株式会社ＧＬＡＰｅｎｔｅｒｔａｉｎｍｅｎｔ,https://glap-e.com/contact
株式会社ＪＩＮＥ,https://jine.co.jp/#shapely_home_contact-2
株式会社ＧｅｅｋＢｒｉｄｇｅ,https://geek-bridge.com/#contact
Ａｐｐ　Ａｎｎｉｅ　Ｊａｐａｎ株式会社,https://www.appannie.com/jp/about/contact/
ａｎｄ　ｍａｒｋｓ株式会社,https://www.andmarks.jp/
株式会社Ｔｒｅｎｄ　Ｂｕｌｌ,https://trend-bull.com/INQUIRY/
株式会社ウェルテック,http://weltech.jp/elements/pages/contact/
Ｈｅｒｍｉｔ株式会社,https://quest.hermit.do/do_contact
株式会社ＫＭネットウェーブ,http://kmnw.co.jp/inquiry.html
株式会社ライフアカデミー,http://lifeacad.jp/contact/
株式会社ＭＡＶＥＮＳ,http://mavens.co.jp/#c
ＴＯＷＡＩＥ株式会社,https://www.towaie.co/contact/
株式会社ＪＡＤＥ,https://ja.dev/contact
株式会社ビックスマイル,http://big-smile.tokyo/#contact
株式会社ＬＥＶＥＬＳ,http://levels.co.jp/__trashed/
株式会社ロックビル,https://rockvil.jp/contact/
株式会社インプレシオン,http://impresion.co.jp/#contact
株式会社バリューワン,https://mailmover.jp/valueone/
株式会社オールベッド,http://allbed.jp/contact/
株式会社ＳＵＲＦ－ＵＰ,https://www.surf-up.jp/blank
有限会社デザインスタジオ・シャンティ,http://www.ds-shanti.com/
株式会社ＳＨＤ＆Ｃｏ．,http://www.shd-co.com/contact.html
ファクタリング比較コンシェル株式会社,https://xn--bck2ad3dwftfrcv602edgyc.biz/privacy_policy/
株式会社ジャンボリー,http://jamboree.co.jp/contact/
株式会社ＳＴスマイル,https://stsmile.co.jp/contact-us/
合同会社ハプン,https://www.happen-llc.com/contact
東芝デジタルマーケティングイニシアティブ株式会社,https://www.webcom.toshiba.co.jp/dmi/contact/
カクテルメイク株式会社,https://cocktail-make.com/contact/
ＴＡＧ株式会社,https://www.taggroup.co.jp/inquiry
株式会社リソース・シェアリング,https://resource-sharing.co.jp/contact/
株式会社トライリンクアジア,https://tri-linkasia.com/inquiry/
株式会社ジャパンウェブナレッジ,http://j-wk.jp/contact
有限会社オンミックス,http://onmix.com/?page_id=25
クロスエモーション合同会社,http://www.cross-emo.jp/contact
株式会社ＲＥＶＥＳＩＡ,https://revesia.co.jp/contact/
株式会社トレードルート,http://samurai-biz.com/contact/
株式会社イズロ,https://izlo.co.jp/contact/
株式会社シティコーラル,http://citycoral.co.jp/contact.php
有限会社夢プラン,https://www.yumeplan.co.jp/form01/index.html
株式会社ウェビィン,http://www.webbin.co.jp/contact-us
株式会社エフ・コード,https://f-code.co.jp/form/inquiry/
有限会社オフィスステラ,http://webnoheihou.com/free-trial-form
株式会社デカフ,https://de-caf.net/contact/
有限会社バンブーハウス,https://www.bamboo-h.com/contacts.html
株式会社タメニー,https://v.rentalserver.jp/tameney.net/contact/index.html
株式会社ウェブスティング,http://www.web-sting.com/contact/
株式会社ＹＡＫＩＭＡＹＯ,http://yakimayo.com/jp/contact/contact.html
ＳｏＺｏ株式会社,https://www.sozoinc.jp/contact
株式会社Ｗｅｄｉａ,https://wedia.co.jp/
株式会社ロカリオ,https://localio.co.jp/contact/
オラクル合同会社,https://oracle-net.com/contact/
ジオマ株式会社,https://www.geoma.co.jp/
アンダーズ株式会社,https://andaze.com/ja/contact-us/
株式会社アズーロ,http://azzurro.me/inq.php
株式会社ＥＮＤＲＯＬＬ,https://docs.google.com/forms/d/e/1FAIpQLSfhi6ojzVZJJLfkyrtejFPFZkWsCASJIXdPl6QPAmmNkGVjug/viewform
ブレッソンアンドビズ株式会社,http://bresson.biz/?page_id=16
株式会社ワイズクリエイティブファクトリー,http://yscf.jp/contact/
株式会社イーグルコーポレーション,http://www.egl.co.jp/order.html
株式会社オバール,http://www.ovale-group.co.jp/inq/index.html
有限会社アブー,http://www.abuu.co.jp/
株式会社ケーソフトエンタープライズ,http://www.ksoft-e.com/contact.html
ｃｒａｇｅ株式会社,https://crage.co.jp/contact/
有限会社フォックスコミュニティーズ,http://www.fox-comm.com/#contact
株式会社エイムスネット,https://www.aimsnet.co.jp/contact.html
エクシブ株式会社,https://docs.google.com/forms/d/e/1FAIpQLSd6CvZ_FOsc93aLqZlTed5ntQilkj-4KOvQTeeHKNYtsuptJg/viewform
ＧＭＯメイクショップ株式会社,https://www.makeshop.co.jp/contact/
株式会社ラベンダーマーケティング,https://lavendermarketing.co.jp/form.html
株式会社ＣＯＣＯＲＯＺＡＳＨＩ,http://55634.jp/contact.html
株式会社アーキテクトコア,https://ac.ksj.co.jp/inquiry/
株式会社インパクトブルー,https://impact-blue.co.jp/#contact
株式会社ジールコミュニケーションズ,http://www.zeal-c.jp/contact/
株式会社プライムクリエイターソリューションズ,https://primecreator.com/contact/
株式会社ビーコネクト,http://www.b-connect.co.jp/2014/37
有限会社ウインバレー,http://win-valley.com/web/toiawase/
株式会社Ｓｈｉｆｔ　ＵＰ,http://www.shiftup-inc.com/contact.php
株式会社Ｃｒｅａｔｉｏｎ,https://creation2016.jp/contact/
有限会社ミューネット,https://www.munet.co.jp/contact/index.html
株式会社フェイスフェイス,http://www.faithface.co.jp/wp/#contact
株式会社野武士,https://no-bushi.co.jp/contact_us/
ディー・フォー・ディー・アール株式会社,https://www.d4dr.jp/contact/
株式会社トゥーリエ,http://www.toorie.co.jp/contact.php
株式会社ジャストクリエイティブ,http://just-creative.jp/contact
プラニクス株式会社,https://planix.jp/#Inquire
ブルースター株式会社,https://www.blue.co.jp/contact/
株式会社ＲＯＯＸ,http://rooxinc.com/contacts
パシフィックヴィジョン株式会社,http://pvc.jp/geospatial-div/contact
株式会社クロス・フュージョン,https://www.x-fusion.co.jp/contact/
株式会社ネット・オプション,http://www.netoption.co.jp/company_inquiry/
ｗｅｂ制作株式会社,https://r6.quicca.com/~snb48/contact/start
ｉｓｍ株式会社,https://isminc.jp/contact/
株式会社シェイルズ,http://www.shales.jp/#pgc-186-7-0
株式会社Ｄ２Ｃ,https://www.d2c.co.jp/inquiryform/
株式会社ミリハン・ジャパン,https://www.myrihan.com/contact
株式会社夢現,http://www.mu-gen.co.jp/contact/index.html
株式会社アイブラン,http://www.i-blanc.com/top/contact/
株式会社レジット,https://www.legit.co.jp/contact
株式会社トランディア,http://trandea.com/contact-us/
有限会社アイビア,http://ivia.co.jp/sept/#contact
株式会社コアセプト,http://coresept.co.jp/#6
日本ジョイントソリューションズ株式会社,https://www.jjss.co.jp/contact/index.html
有限会社オフィスナウ,http://www.now-group.net/
株式会社アンブレンド,https://anblend-jp.ssl-xserver.jp/inquiry/
株式会社グラソナ・インターナショナル,http://glasona.jp/contact/
株式会社モバート,https://www.mobart.jp/about/
株式会社チア・アトリエ,https://cheer-atelier.co.jp/contactus/
株式会社ｓｔｏｒｙ’ｓ　ｂａｓｅ,http://storysbase.com/category/%e3%81%8a%e5%95%8f%e3%81%84%e5%90%88%e3%82%8f%e3%81%9b/
株式会社マップジャパン,https://m-a-p.tokyo/contact/
株式会社シーカー,https://seeeker.co.jp/#contact-us
株式会社リンクスラボ,https://linqs-lab.co.jp/contact/
株式会社ＫＯＬＴＥＣＨ,https://vaz.co.jp/contact
株式会社Ｌｙｌａ,https://lyla.co.jp/
株式会社ミコト,https://mikotogod.com/inquiry/
株式会社ＳＥＩＳＨＩＮ,http://seishin.pw/contact.html
株式会社ＡＤ　ＥＸＰＲＥＳＳ,http://adexpress.co.jp/contact/
株式会社オフィス伊藤ブラザース,https://oitob.com/contact/
株式会社Ｉｖｙ,https://www.1vy.jp/
株式会社フロッグ・クリエイト,https://frog-create.com/contact/
株式会社Ｒｅ　ｃｒｅａｔｅ,http://recreate-inc.co.jp/
株式会社ティーダブル,https://tw-inc.jp/
メイデンボヤージュ株式会社,http://maidenvoyage.co.jp/contact/
株式会社オンザトップ,https://onthetop.co.jp/#section-42
株式会社エン・デザイン,https://en-design.co.jp/contact
株式会社ワンズプロモーション,http://ones-pro.jp/contact/
有限会社グリント,http://www.glint.co.jp/?page_id=93
株式会社エーネクス,http://www.a-nex.co.jp/inquiry/contact.html
株式会社レノアス,https://renoas0305.com/contact.html
株式会社ネクストクリエーションズ,https://nextcreations.co.jp/%e3%81%8a%e5%95%8f%e3%81%84%e5%90%88%e3%82%8f%e3%81%9bcontact/
株式会社ユニポート,https://uniport.jp/form/
有限会社イプシロン,http://www.epsilon.co.jp/contact.html
株式会社ＳＵＩ,https://sui.co.jp/contact/
マーケティングサポート株式会社,http://marketing-support.jp/contact
株式会社アドコード,https://www.adcode.co.jp/
株式会社ネットアンサー,https://netanswer.co.jp/contact/
株式会社コネクター・ジャパン,http://cnctor.jp/contact/
株式会社わをん,http://www.wawom.jp/contact/
有限会社ラウンド・アバウト,https://www.roundabout-inc.com/contact/contact.html
アユダンテ株式会社,https://ayudante.jp/contact-jp.htm
株式会社タイタンコミュニケーションズ,https://www.titan-com.jp/#contact
株式会社イン・ラティック,https://inerratic.co.jp/#contact
株式会社やさしくねっと,https://yasashikunet.co.jp/%e5%95%8f%e3%81%84%e5%90%88%e3%82%8f%e3%81%9b/
株式会社ＴＨＥ　ＰＡＲＫ,http://the-park.co.jp/contact/
株式会社リンクテラス,https://www.linkterras.co.jp/contact/
株式会社ＫＩＴＡ－ＳＵＮ,https://kita-sun.com/contact/
ミロゴス株式会社,https://krs.bz/milogos/m/milogos
株式会社ＳＩＶＡ,https://siva-s.com/contacts/new
株式会社Ｓａｆａｒｉ,http://safari-company.jp/#contact-1
株式会社Ｅ．Ｍ．Ｗｏｒｌｄ,https://www.emworld.co.jp/cotact
グリーライフスタイル株式会社,https://gree-lifestyle.co.jp/contact/